"Date","Price","Open","High","Low","Vol.","Change %"
"12/31/2024","61,000","60,900","61,000","60,500","4.52M","0.00%"
"12/30/2024","61,000","60,500","61,200","60,500","4.18M","-0.65%"
"12/27/2024","61,400","60,600","61,600","60,400","6.95M","-0.16%"
"12/26/2024","61,500","62,400","62,400","60,500","6.55M","-1.13%"
"12/25/2024","62,200","61,300","62,300","61,300","6.30M","1.47%"
"12/24/2024","61,300","61,200","61,300","60,700","3.06M","0.49%"
"12/23/2024","61,000","60,600","61,100","60,500","5.54M","0.66%"
"12/20/2024","60,600","60,000","60,800","59,600","3.75M","1.34%"
"12/19/2024","59,800","59,800","59,900","59,400","7.10M","-0.66%"
"12/18/2024","60,200","60,200","60,500","59,900","4.08M","-0.17%"
"12/17/2024","60,300","61,000","61,000","60,200","3.68M","-1.15%"
"12/16/2024","61,000","61,000","61,400","60,200","3.62M","0.00%"
"12/13/2024","61,000","59,800","61,300","59,600","5.60M","1.67%"
"12/12/2024","60,000","60,300","60,500","59,900","3.77M","0.00%"
"12/11/2024","60,000","60,700","60,800","59,900","4.82M","-1.32%"
"12/10/2024","60,800","61,100","61,200","60,500","4.23M","-0.49%"
"12/09/2024","61,100","61,600","61,600","60,800","4.41M","0.00%"
"12/06/2024","61,100","60,800","61,900","60,500","7.83M","0.16%"
"12/05/2024","61,000","58,400","61,200","58,100","8.62M","4.99%"
"12/04/2024","58,100","59,400","59,800","58,000","8.86M","-2.84%"
"12/03/2024","59,800","60,100","60,300","59,600","4.02M","-0.99%"
"12/02/2024","60,400","60,700","60,700","59,900","2.79M","-0.17%"
"11/29/2024","60,500","60,000","60,500","58,900","5.59M","0.83%"
"11/28/2024","60,000","60,300","60,600","59,700","3.77M","-0.33%"
"11/27/2024","60,200","59,900","60,900","59,500","4.94M","0.33%"
"11/26/2024","60,000","59,300","60,100","59,000","4.37M","1.69%"
"11/25/2024","59,000","58,800","59,300","58,600","4.57M","0.00%"
"11/22/2024","59,000","58,700","59,400","58,400","5.80M","0.51%"
"11/21/2024","58,700","57,000","58,900","56,500","8.17M","3.35%"
"11/20/2024","56,800","57,200","58,100","56,000","9.75M","-1.22%"
"11/19/2024","57,500","59,000","59,000","57,500","5.34M","-2.38%"
"11/18/2024","58,900","59,900","59,900","57,100","12.08M","-1.67%"
"11/15/2024","59,900","60,800","61,100","59,800","6.65M","-2.28%"
"11/14/2024","61,300","61,500","61,600","60,700","4.48M","-0.97%"
"11/13/2024","61,900","60,800","62,300","60,300","7.23M","1.81%"
"11/12/2024","60,800","63,100","63,200","60,800","10.60M","-3.49%"
"11/11/2024","63,000","64,500","65,000","62,900","9.39M","-3.08%"
"11/08/2024","65,000","65,400","65,400","64,500","4.70M","-0.61%"
"11/07/2024","65,400","65,800","65,800","64,800","5.24M","-0.30%"
"11/06/2024","65,600","65,700","65,700","65,000","5.42M","0.00%"
"11/05/2024","65,600","64,900","65,600","64,800","5.27M","0.77%"
"11/04/2024","65,100","65,900","65,900","64,700","9.36M","-1.36%"
"11/01/2024","66,000","65,900","66,100","65,500","21.33M","-0.75%"
"10/31/2024","66,500","66,000","66,500","65,600","6.15M","0.76%"
"10/30/2024","66,000","66,500","66,500","65,700","8.93M","-0.75%"
"10/29/2024","66,500","65,600","66,500","65,400","9.54M","1.53%"
"10/28/2024","65,500","65,500","65,600","64,900","3.96M","0.00%"
"10/25/2024","65,500","65,400","66,000","65,000","4.95M","0.15%"
"10/24/2024","65,400","65,400","66,000","64,900","4.64M","-0.46%"
"10/23/2024","65,700","66,100","66,300","65,100","6.10M","-0.90%"
"10/22/2024","66,300","66,300","66,800","65,500","9.78M","0.76%"
"10/21/2024","65,800","65,300","66,000","64,900","4.33M","0.15%"
"10/18/2024","65,700","65,900","66,100","65,200","6.16M","-0.15%"
"10/17/2024","65,800","65,800","65,800","65,200","6.63M","0.46%"
"10/16/2024","65,500","64,400","65,700","64,300","13.71M","1.71%"
"10/15/2024","64,400","63,900","64,800","63,700","12.47M","1.26%"
"10/14/2024","63,600","64,900","65,000","63,600","8.41M","-1.40%"
"10/11/2024","64,500","65,000","65,300","63,500","10.01M","-0.77%"
"10/10/2024","65,000","64,500","65,400","64,100","8.67M","1.25%"
"10/09/2024","64,200","65,000","65,300","63,600","20.85M","-1.53%"
"10/08/2024","65,200","66,700","66,700","65,000","11.01M","-1.66%"
"10/07/2024","66,300","66,700","67,100","65,900","5.55M","-0.15%"
"10/04/2024","66,400","66,500","66,800","66,200","5.27M","0.15%"
"10/03/2024","66,300","67,400","67,400","65,800","14.74M","-1.63%"
"10/02/2024","67,400","67,500","67,900","67,000","7.16M","-0.59%"
"10/01/2024","67,800","68,300","68,700","67,800","10.00M","-0.44%"
"09/30/2024","68,100","67,500","68,100","66,900","5.93M","0.89%"
"09/27/2024","67,500","68,600","68,600","66,800","13.13M","-1.17%"
"09/26/2024","68,300","68,800","69,500","68,300","7.18M","-0.58%"
"09/25/2024","68,700","68,500","68,700","68,000","5.45M","0.88%"
"09/24/2024","68,100","67,500","68,800","67,500","6.64M","1.19%"
"09/23/2024","67,300","68,000","68,000","66,800","5.05M","-1.03%"
"09/20/2024","68,000","68,600","68,700","68,000","5.02M","-0.29%"
"09/19/2024","68,200","68,500","68,500","67,700","5.28M","0.00%"
"09/18/2024","68,200","66,900","68,600","66,800","10.68M","2.10%"
"09/17/2024","66,800","66,200","66,800","65,500","8.76M","1.06%"
"09/16/2024","66,100","66,900","67,000","66,000","5.30M","-1.64%"
"09/13/2024","67,200","67,200","67,500","66,500","7.13M","-0.44%"
"09/12/2024","67,500","68,000","68,000","67,200","3.87M","-0.44%"
"09/11/2024","67,800","67,800","67,900","67,100","6.80M","0.00%"
"09/10/2024","67,800","67,500","68,700","67,500","6.46M","0.44%"
"09/09/2024","67,500","67,700","68,000","67,200","3.68M","-0.74%"
"09/06/2024","68,000","67,600","68,000","66,800","8.35M","0.15%"
"09/05/2024","67,900","68,800","68,900","67,600","8.48M","-1.74%"
"09/04/2024","69,100","68,700","69,700","68,200","4.46M","-1.00%"
"08/30/2024","69,800","69,100","69,800","68,700","5.30M","1.01%"
"08/29/2024","69,100","68,900","69,400","68,600","4.23M","-0.43%"
"08/28/2024","69,400","69,700","69,700","68,700","6.60M","-0.57%"
"08/27/2024","69,800","69,400","69,800","67,800","14.48M","0.00%"
"08/26/2024","69,800","70,000","70,800","69,600","5.96M","-0.29%"
"08/23/2024","70,000","70,000","70,200","69,300","4.43M","0.00%"
"08/22/2024","70,000","69,700","70,200","69,100","5.28M","0.29%"
"08/21/2024","69,800","69,400","70,200","68,900","8.95M","0.43%"
"08/20/2024","69,500","69,000","69,500","68,300","8.14M","0.72%"
"08/19/2024","69,000","69,000","69,700","68,600","6.42M","0.00%"
"08/16/2024","69,000","66,000","69,500","65,900","18.52M","4.70%"
"08/15/2024","65,900","66,300","66,400","65,300","7.15M","-1.05%"
"08/14/2024","66,600","66,800","67,000","65,800","6.29M","-0.15%"
"08/13/2024","66,700","66,800","67,200","65,500","9.39M","0.15%"
"08/12/2024","66,600","65,900","66,800","65,600","11.01M","1.52%"
"08/09/2024","65,600","62,700","65,800","62,500","17.52M","5.13%"
"08/08/2024","62,400","62,000","62,900","61,900","5.79M","0.16%"
"08/07/2024","62,300","62,300","62,500","61,500","4.79M","0.00%"
"08/06/2024","62,300","61,800","62,300","60,600","6.42M","1.14%"
"08/05/2024","61,600","61,500","62,300","60,300","11.58M","-2.07%"
"08/02/2024","62,900","61,000","62,900","60,700","7.61M","1.29%"
"08/01/2024","62,100","63,800","63,800","61,500","10.61M","-2.66%"
"07/31/2024","63,800","63,900","64,500","63,500","10.33M","1.27%"
"07/30/2024","63,000","62,000","63,200","61,900","5.47M","1.61%"
"07/29/2024","62,000","61,400","62,400","61,100","5.34M","1.64%"
"07/26/2024","61,000","60,500","61,000","60,400","4.38M","0.00%"
"07/25/2024","61,000","60,000","61,000","59,700","4.90M","-0.65%"
"07/24/2024","61,400","61,600","62,000","58,600","15.06M","-1.76%"
"07/23/2024","62,500","65,000","65,000","62,000","9.20M","-4.29%"
"07/22/2024","65,300","65,200","65,400","63,800","5.88M","-0.46%"
"07/19/2024","65,600","65,000","66,300","64,700","12.01M","0.92%"
"07/18/2024","65,000","63,500","65,000","63,400","7.94M","2.36%"
"07/17/2024","63,500","64,700","64,700","62,200","16.98M","-0.94%"
"07/16/2024","64,100","64,600","65,300","64,100","7.68M","-0.31%"
"07/15/2024","64,300","64,900","65,000","64,100","3.69M","-0.77%"
"07/12/2024","64,800","64,800","65,400","64,100","8.74M","0.00%"
"07/11/2024","64,800","65,400","65,700","64,600","8.30M","-0.61%"
"07/10/2024","65,200","66,700","66,800","65,200","10.91M","-2.40%"
"07/09/2024","66,800","67,200","67,200","66,300","7.98M","-0.30%"
"07/08/2024","67,000","65,600","67,400","65,600","10.45M","2.13%"
"07/05/2024","65,600","65,200","65,800","65,000","7.94M","0.77%"
"07/04/2024","65,100","65,700","66,300","64,900","5.86M","-0.61%"
"07/03/2024","65,500","65,900","66,400","65,100","7.44M","-0.76%"
"07/02/2024","66,000","65,800","66,000","64,700","9.25M","0.30%"
"07/01/2024","65,800","62,600","65,800","62,000","21.79M","5.45%"
"06/28/2024","62,400","63,100","63,100","61,600","6.19M","-0.79%"
"06/27/2024","62,900","61,511","63,098","61,511","8.30M","1.28%"
"06/26/2024","62,106","62,007","62,702","60,817","8.19M","0.97%"
"06/25/2024","61,511","61,511","62,206","61,114","6.38M","0.00%"
"06/24/2024","61,511","62,999","62,999","61,015","11.38M","-2.36%"
"06/21/2024","62,999","62,503","64,190","61,908","7.14M","0.00%"
"06/20/2024","62,999","62,702","62,999","62,007","5.64M","0.32%"
"06/19/2024","62,801","61,412","63,198","61,114","7.69M","1.77%"
"06/18/2024","61,709","61,610","62,007","60,618","7.17M","0.32%"
"06/17/2024","61,511","62,305","62,305","60,519","9.50M","-1.59%"
"06/14/2024","62,503","63,495","63,694","62,503","8.12M","-1.56%"
"06/13/2024","63,495","63,198","63,892","62,602","7.86M","0.95%"
"06/12/2024","62,900","62,106","63,396","61,511","5.02M","1.77%"
"06/11/2024","61,809","62,801","62,900","61,313","6.44M","-1.11%"
"06/10/2024","62,503","61,709","62,801","61,511","4.85M","1.45%"
"06/07/2024","61,610","61,809","62,305","61,313","4.30M","0.32%"
"06/06/2024","61,412","61,511","62,007","61,114","7.07M","-0.16%"
"06/05/2024","61,511","62,503","62,801","61,114","13.78M","-2.82%"
"06/04/2024","63,297","63,495","63,694","62,602","6.57M","-0.31%"
"06/03/2024","63,495","63,396","63,595","62,702","8.26M","0.63%"
"05/31/2024","63,098","62,305","63,892","61,908","10.26M","1.27%"
"05/30/2024","62,305","59,428","62,305","58,733","14.76M","3.80%"
"05/29/2024","60,023","61,114","61,511","60,023","6.88M","-1.63%"
"05/28/2024","61,015","59,924","62,305","59,626","9.93M","2.50%"
"05/27/2024","59,527","59,626","60,023","58,733","6.37M","-0.83%"
"05/24/2024","60,023","60,717","61,213","58,436","13.65M","-2.42%"
"05/23/2024","61,511","60,221","61,511","59,527","8.86M","1.64%"
"05/22/2024","60,519","60,122","61,114","59,130","8.95M","0.83%"
"05/21/2024","60,023","60,122","60,817","59,527","4.73M","0.83%"
"05/20/2024","59,527","59,527","61,114","59,031","9.20M","0.67%"
"05/17/2024","59,130","59,328","59,824","58,535","8.96M","-0.50%"
"05/16/2024","59,428","60,420","60,618","59,229","12.94M","-1.48%"
"05/15/2024","60,321","60,122","61,610","59,527","13.07M","1.16%"
"05/14/2024","59,626","58,039","60,519","57,543","16.22M","3.09%"
"05/13/2024","57,840","58,436","58,436","57,543","7.24M","-1.02%"
"05/10/2024","58,436","58,336","58,535","56,947","9.75M","0.00%"
"05/09/2024","58,436","58,535","58,733","57,939","10.48M","-0.34%"
"05/08/2024","58,634","58,138","58,832","57,741","8.13M","-0.34%"
"05/07/2024","58,832","58,336","59,031","57,047","9.46M","1.72%"
"05/06/2024","57,840","55,658","58,336","55,360","11.26M","4.67%"
"05/03/2024","55,261","55,261","56,749","54,566","29.62M","0.18%"
"05/02/2024","55,162","55,558","56,352","54,269","21.95M","1.28%"
"04/26/2024","54,467","53,078","54,566","52,582","11.86M","2.04%"
"04/25/2024","53,376","51,689","53,376","50,995","19.32M","2.87%"
"04/24/2024","51,888","49,804","51,888","49,457","11.53M","5.02%"
"04/23/2024","49,407","48,713","49,903","48,266","18.04M","2.47%"
"04/22/2024","48,217","48,812","49,010","47,770","12.29M","0.83%"
"04/19/2024","47,820","48,862","48,911","47,671","9.47M","-2.43%"
"04/17/2024","49,010","50,003","50,003","48,564","6.95M","-1.00%"
"04/16/2024","49,506","49,110","49,606","48,316","11.62M","0.00%"
"04/15/2024","49,506","51,292","51,590","49,110","16.51M","-4.04%"
"04/12/2024","51,590","51,888","52,185","51,193","6.67M","-0.57%"
"04/11/2024","51,888","50,796","52,384","50,796","6.97M","0.58%"
"04/10/2024","51,590","52,483","52,780","51,292","10.16M","-1.52%"
"04/09/2024","52,384","49,606","52,681","49,407","19.49M","5.60%"
"04/08/2024","49,606","50,598","50,598","49,407","6.09M","-1.96%"
"04/05/2024","50,598","49,606","51,094","49,060","8.15M","0.59%"
"04/04/2024","50,300","49,606","50,300","48,614","13.05M","1.00%"
"04/03/2024","49,804","50,598","50,796","49,506","14.38M","-2.71%"
"04/02/2024","51,193","50,598","51,193","49,556","12.31M","0.39%"
"04/01/2024","50,995","50,399","52,185","50,300","13.70M","0.59%"
"03/29/2024","50,697","50,598","51,590","50,399","11.81M","0.20%"
"03/28/2024","50,598","50,399","51,788","50,003","11.65M","0.59%"
"03/27/2024","50,300","48,415","50,995","48,167","12.74M","4.21%"
"03/26/2024","48,266","47,919","48,514","47,423","7.52M","0.72%"
"03/25/2024","47,919","48,614","49,903","47,919","10.37M","-1.63%"
"03/22/2024","48,713","48,316","49,010","47,621","12.08M","1.24%"
"03/21/2024","48,118","48,118","48,564","47,621","9.10M","1.04%"
"03/20/2024","47,621","45,240","48,266","45,240","20.64M","5.49%"
"03/19/2024","45,141","45,637","46,034","44,992","8.06M","-0.87%"
"03/18/2024","45,538","46,828","47,572","45,290","12.15M","-3.06%"
"03/15/2024","46,977","46,877","47,324","46,183","8.87M","0.21%"
"03/14/2024","46,877","48,415","48,614","46,729","13.30M","-2.68%"
"03/13/2024","48,167","46,431","48,316","46,431","8.93M","3.85%"
"03/12/2024","46,381","45,786","47,522","45,687","16.65M","0.75%"
"03/11/2024","46,034","47,125","47,919","45,885","13.80M","-2.83%"
"03/08/2024","47,373","48,862","48,862","46,629","20.60M","-2.55%"
"03/07/2024","48,614","48,316","48,862","47,721","9.44M","0.62%"
"03/06/2024","48,316","49,606","49,903","47,919","15.08M","-2.60%"
"03/05/2024","49,606","47,225","49,606","47,125","22.38M","5.49%"
"03/04/2024","47,026","46,233","47,572","46,233","16.59M","1.72%"
"03/01/2024","46,233","46,183","46,927","45,736","15.36M","0.87%"
"02/29/2024","45,836","46,034","46,629","45,637","13.89M","1.99%"
"02/28/2024","44,943","44,645","45,488","44,397","13.79M","1.23%"
"02/27/2024","44,397","44,348","44,844","44,050","9.64M","0.90%"
"02/26/2024","44,000","43,653","44,149","42,711","13.53M","0.80%"
"02/23/2024","43,653","44,943","45,191","43,603","17.64M","-2.87%"
"02/22/2024","44,943","45,935","45,935","44,844","11.20M","-1.74%"
"02/21/2024","45,736","46,332","46,332","45,637","6.48M","-1.50%"
"02/20/2024","46,431","46,580","46,580","45,637","7.87M","0.00%"
"02/19/2024","46,431","46,133","46,828","45,786","7.50M","1.08%"
"02/16/2024","45,935","46,034","46,233","45,439","5.00M","0.98%"
"02/15/2024","45,488","46,580","46,629","45,488","9.34M","-1.61%"
"02/07/2024","46,233","46,580","46,679","46,084","5.71M","-0.85%"
"02/06/2024","46,629","47,125","47,125","46,431","5.40M","-0.84%"
"02/05/2024","47,026","47,125","47,225","46,431","7.54M","0.00%"
"02/02/2024","47,026","46,133","47,026","45,736","11.95M","2.60%"
"02/01/2024","45,836","44,645","46,332","44,645","11.30M","2.67%"
"01/31/2024","44,645","45,340","45,538","44,298","8.74M","-0.88%"
"01/30/2024","45,042","44,248","45,092","44,149","7.14M","1.79%"
"01/29/2024","44,248","44,596","44,794","44,149","4.13M","-0.67%"
"01/26/2024","44,546","44,645","45,141","44,397","3.78M","-0.66%"
"01/25/2024","44,844","43,901","44,844","43,752","7.53M","1.80%"
"01/24/2024","44,050","44,844","45,092","44,000","9.68M","-2.20%"
"01/23/2024","45,042","45,786","45,786","44,893","6.10M","-1.63%"
"01/22/2024","45,786","45,736","45,935","44,794","7.24M","0.22%"
"01/19/2024","45,687","45,637","46,332","44,943","10.72M","0.44%"
"01/18/2024","45,488","44,546","45,488","44,248","8.90M","2.12%"
"01/17/2024","44,546","43,951","45,240","43,951","12.49M","1.35%"
"01/16/2024","43,951","42,562","44,050","42,462","17.42M","3.26%"
"01/15/2024","42,562","42,214","42,959","41,917","8.99M","2.39%"
"01/12/2024","41,570","41,520","42,264","41,470","7.14M","-1.30%"
"01/11/2024","42,115","41,917","42,810","41,867","4.99M","0.47%"
"01/10/2024","41,917","42,363","42,562","41,570","6.77M","-1.05%"
"01/09/2024","42,363","42,810","42,859","42,066","9.02M","-1.16%"
"01/08/2024","42,859","43,951","43,951","42,859","6.21M","-1.48%"
"01/05/2024","43,504","42,859","43,752","42,661","9.04M","1.50%"
"01/04/2024","42,859","42,859","43,455","42,661","8.52M","0.00%"
"01/03/2024","42,859","42,066","43,107","41,669","6.08M","1.77%"
"01/02/2024","42,115","42,760","42,959","41,818","7.14M","-0.82%"
"12/29/2023","42,462","42,859","42,959","42,314","4.18M","-0.58%"
"12/28/2023","42,711","42,512","42,909","42,462","6.37M","0.47%"
"12/27/2023","42,512","42,363","42,711","42,214","5.24M","0.35%"
"12/26/2023","42,363","42,214","42,810","42,016","6.77M","0.12%"
"12/25/2023","42,314","42,016","43,355","42,016","8.48M","0.71%"
"12/22/2023","42,016","42,115","42,314","41,669","6.07M","-0.70%"
"12/21/2023","42,314","41,867","42,363","41,520","7.21M","0.59%"
"12/20/2023","42,066","40,329","42,066","40,181","12.45M","4.31%"
"12/19/2023","40,329","39,189","40,577","38,891","5.74M","2.65%"
"12/18/2023","39,288","40,627","40,627","39,189","8.70M","-2.82%"
"12/15/2023","40,429","41,272","41,272","40,181","9.35M","-2.04%"
"12/14/2023","41,272","41,768","41,966","41,074","6.54M","-0.24%"
"12/13/2023","41,371","42,462","43,256","41,222","10.86M","-1.88%"
"12/12/2023","42,165","42,165","42,264","41,768","5.96M","0.00%"
"12/11/2023","42,165","42,264","42,314","41,570","6.21M","-0.23%"
"12/08/2023","42,264","40,478","42,661","40,081","16.80M","4.28%"
"12/07/2023","40,528","40,726","40,776","39,189","10.60M","-0.24%"
"12/06/2023","40,627","39,685","40,726","39,635","9.05M","2.38%"
"12/05/2023","39,685","39,635","39,784","39,387","6.20M","0.13%"
"12/04/2023","39,635","38,593","40,131","38,494","10.60M","3.10%"
"12/01/2023","38,444","38,444","38,692","37,750","4.16M","0.65%"
"11/30/2023","38,196","38,544","38,792","38,196","4.03M","-0.77%"
"11/29/2023","38,494","37,849","39,139","37,849","8.52M","2.11%"
"11/28/2023","37,700","37,750","37,849","37,055","6.13M","0.00%"
"11/27/2023","37,700","38,196","38,246","37,700","5.27M","-1.43%"
"11/24/2023","38,246","37,601","38,246","36,857","11.18M","3.35%"
"11/23/2023","37,006","39,685","39,982","37,006","8.07M","-6.28%"
"11/22/2023","39,486","40,478","40,528","38,990","14.50M","-2.69%"
"11/21/2023","40,577","41,173","41,173","40,280","5.78M","0.86%"
"11/20/2023","40,230","39,833","41,322","39,833","7.56M","-2.05%"
"11/17/2023","41,074","41,173","42,165","40,329","11.00M","-0.24%"
"11/16/2023","41,173","41,173","41,272","40,379","10.53M","-0.95%"
"11/15/2023","41,570","42,066","42,165","41,024","10.34M","0.96%"
"11/14/2023","41,173","40,677","41,768","40,478","15.24M","3.75%"
"11/13/2023","39,685","39,238","39,982","38,742","9.19M","1.52%"
"11/10/2023","39,089","39,437","39,982","38,692","11.05M","-2.23%"
"11/09/2023","39,982","40,181","41,024","39,585","12.14M","1.77%"
"11/08/2023","39,288","37,601","39,288","36,411","19.61M","3.66%"
"11/07/2023","37,899","37,601","39,139","37,204","10.42M","0.39%"
"11/06/2023","37,750","38,692","38,692","37,303","12.64M","-2.31%"
"11/03/2023","38,643","37,204","38,891","36,708","12.41M","5.27%"
"11/02/2023","36,708","35,617","37,105","33,335","21.18M","5.41%"
"11/01/2023","34,823","36,708","37,403","34,823","21.09M","-6.90%"
"10/31/2023","37,403","40,081","40,379","37,403","13.21M","-6.91%"
"10/30/2023","40,181","40,776","41,421","40,181","4.25M","-3.57%"
"10/27/2023","41,669","41,966","42,165","41,074","4.69M","0.00%"
"10/26/2023","41,669","41,867","42,066","40,181","15.05M","-3.45%"
"10/25/2023","43,157","42,661","43,851","42,661","4.77M","1.16%"
"10/24/2023","42,661","42,760","43,256","41,421","8.22M","0.00%"
"10/23/2023","42,661","44,348","44,496","42,264","8.58M","-3.80%"
"10/20/2023","44,348","42,661","44,645","42,661","7.02M","3.95%"
"10/19/2023","42,661","43,851","44,348","42,661","8.07M","-3.80%"
"10/18/2023","44,348","46,431","46,629","43,306","11.41M","-3.46%"
"10/17/2023","45,935","48,514","48,514","45,935","7.89M","-4.73%"
"10/16/2023","48,217","49,110","50,300","48,217","8.50M","-1.82%"
"10/13/2023","49,110","48,118","49,110","48,068","9.85M","2.27%"
"10/12/2023","48,018","48,911","49,110","47,820","13.70M","-1.83%"
"10/11/2023","48,911","48,614","48,911","48,217","3.48M","0.92%"
"10/10/2023","48,465","48,018","49,060","48,018","4.82M","1.88%"
"10/09/2023","47,572","47,969","48,514","47,274","6.46M","-0.72%"
"10/06/2023","47,919","46,530","48,118","45,935","5.19M","2.77%"
"10/05/2023","46,629","49,506","49,506","46,629","6.35M","-4.47%"
"10/04/2023","48,812","47,621","49,606","47,621","4.83M","0.41%"
"10/03/2023","48,614","51,094","51,094","47,919","8.98M","-5.59%"
"10/02/2023","51,491","52,185","52,582","51,392","4.21M","-1.33%"
"09/29/2023","52,185","53,376","53,376","52,185","4.95M","-0.75%"
"09/28/2023","52,582","52,483","54,269","52,086","8.91M","1.92%"
"09/27/2023","51,590","50,697","51,590","49,804","4.90M","0.97%"
"09/26/2023","51,094","50,697","51,292","50,102","8.27M","0.98%"
"09/25/2023","50,598","51,193","52,582","49,506","7.69M","-2.11%"
"09/22/2023","51,689","52,681","52,979","50,895","11.80M","-3.87%"
"09/21/2023","53,773","55,360","55,360","53,773","9.50M","-2.87%"
"09/20/2023","55,360","54,665","55,757","54,169","6.83M","0.54%"
"09/19/2023","55,062","54,665","55,062","52,582","8.84M","0.91%"
"09/18/2023","54,566","55,162","55,162","53,673","6.61M","-1.61%"
"09/15/2023","55,459","57,047","57,047","54,963","7.84M","-2.44%"
"09/14/2023","56,848","57,245","58,039","56,650","8.44M","-0.35%"
"09/13/2023","57,047","55,658","58,832","55,062","16.05M","3.05%"
"09/12/2023","55,360","54,070","55,360","53,574","4.79M","2.39%"
"09/11/2023","54,070","55,360","55,757","53,376","8.46M","-1.80%"
"09/08/2023","55,062","54,070","56,054","54,070","7.81M","0.91%"
"09/07/2023","54,566","54,765","55,360","53,872","5.99M","0.00%"
"09/06/2023","54,566","53,872","55,162","53,376","5.12M","1.29%"
"09/05/2023","53,872","53,376","55,062","52,979","8.35M","0.93%"
"08/31/2023","53,376","53,574","53,971","53,078","5.21M","0.00%"
"08/30/2023","53,376","52,582","54,070","52,483","7.31M","1.70%"
"08/29/2023","52,483","51,392","52,780","51,094","8.30M","2.32%"
"08/28/2023","51,292","50,499","51,491","50,003","8.50M","2.38%"
"08/25/2023","50,102","49,903","50,995","49,606","7.14M","0.40%"
"08/24/2023","49,903","49,308","50,399","49,308","5.73M","1.21%"
"08/23/2023","49,308","50,300","50,300","48,812","4.96M","-0.60%"
"08/22/2023","49,606","48,713","49,804","46,977","10.15M","2.04%"
"08/21/2023","48,614","49,606","50,102","48,366","7.06M","-2.39%"
"08/18/2023","49,804","53,475","53,475","49,804","14.26M","-6.86%"
"08/17/2023","53,475","53,673","54,765","52,979","7.23M","0.19%"
"08/16/2023","53,376","53,574","53,872","52,582","5.14M","-0.37%"
"08/15/2023","53,574","54,169","55,459","53,574","8.38M","-0.37%"
"08/14/2023","53,773","53,475","53,872","52,185","9.62M","1.69%"
"08/11/2023","52,880","51,788","52,880","50,598","6.32M","2.50%"
"08/10/2023","51,590","52,582","52,582","51,292","4.98M","-1.14%"
"08/09/2023","52,185","52,979","52,979","51,590","8.97M","-1.87%"
"08/08/2023","53,177","53,574","53,872","52,979","5.74M","-0.37%"
"08/07/2023","53,376","53,277","54,467","52,880","6.49M","1.51%"
"08/04/2023","52,582","52,582","52,780","51,888","7.53M","0.57%"
"08/03/2023","52,284","51,392","53,277","50,995","8.00M","1.93%"
"08/02/2023","51,292","51,292","52,086","51,193","5.32M","0.00%"
"08/01/2023","51,292","53,673","53,673","51,292","7.53M","-3.72%"
"07/31/2023","53,277","53,574","53,773","52,185","7.86M","-1.47%"
"07/28/2023","54,070","53,475","54,467","52,780","3.87M","0.74%"
"07/27/2023","53,673","51,987","54,070","51,788","5.82M","3.84%"
"07/26/2023","51,689","52,672","53,261","51,100","5.45M","-1.87%"
"07/25/2023","52,672","53,556","53,556","51,984","4.43M","-1.65%"
"07/24/2023","53,556","52,082","53,556","51,100","4.07M","3.81%"
"07/21/2023","51,591","48,250","51,591","48,102","11.73M","6.92%"
"07/20/2023","48,250","47,562","48,643","47,562","5.45M","1.24%"
"07/19/2023","47,660","47,562","48,102","47,120","3.48M","0.94%"
"07/18/2023","47,218","47,562","47,758","46,923","4.61M","-1.23%"
"07/17/2023","47,808","48,643","48,987","47,808","2.79M","-1.62%"
"07/14/2023","48,594","48,495","48,594","47,660","5.90M","0.20%"
"07/13/2023","48,495","48,348","49,036","48,299","4.81M","0.41%"
"07/12/2023","48,299","47,513","48,446","47,365","4.79M","0.72%"
"07/11/2023","47,955","46,776","47,955","46,530","8.18M","2.20%"
"07/10/2023","46,923","45,253","46,923","45,007","10.23M","4.95%"
"07/07/2023","44,712","42,305","44,712","42,305","7.40M","5.32%"
"07/06/2023","42,452","42,648","42,992","42,108","4.54M","-0.35%"
"07/05/2023","42,599","42,698","43,680","42,599","7.26M","0.23%"
"07/04/2023","42,501","42,157","42,894","41,911","4.44M","0.58%"
"07/03/2023","42,255","42,698","42,894","42,059","1.80M","-0.69%"
"06/30/2023","42,550","41,961","43,140","41,764","3.51M","1.41%"
"06/29/2023","41,961","42,747","43,140","41,961","3.29M","-2.73%"
"06/28/2023","43,140","43,435","43,680","42,452","3.99M","-0.68%"
"06/27/2023","43,435","43,582","44,122","42,992","2.48M","-0.34%"
"06/26/2023","43,582","42,796","43,729","41,862","5.46M","3.38%"
"06/23/2023","42,157","42,305","42,452","41,961","2.16M","-0.35%"
"06/22/2023","42,305","42,108","42,894","41,617","4.11M","0.82%"
"06/21/2023","41,961","41,764","41,961","41,469","2.57M","0.47%"
"06/20/2023","41,764","40,880","41,764","40,880","2.48M","2.41%"
"06/19/2023","40,781","40,634","40,978","40,388","2.06M","0.36%"
"06/16/2023","40,634","41,224","41,567","40,437","4.41M","-0.84%"
"06/15/2023","40,978","41,322","41,666","40,732","2.81M","-0.83%"
"06/14/2023","41,322","42,255","42,255","41,322","3.32M","-2.21%"
"06/13/2023","42,255","42,648","42,648","41,862","3.40M","0.00%"
"06/12/2023","42,255","40,929","42,255","40,781","7.25M","3.86%"
"06/09/2023","40,683","40,290","40,683","39,799","4.12M","1.85%"
"06/08/2023","39,946","41,273","41,273","39,897","4.51M","-2.75%"
"06/07/2023","41,076","41,076","41,224","40,339","4.75M","0.00%"
"06/06/2023","41,076","40,487","41,322","40,339","4.67M","1.46%"
"06/05/2023","40,487","40,290","40,880","40,093","6.62M","0.98%"
"06/02/2023","40,093","38,767","40,143","38,521","5.71M","3.82%"
"06/01/2023","38,619","38,669","38,816","38,030","2.91M","0.26%"
"05/31/2023","38,521","38,619","38,767","38,276","1.98M","-0.51%"
"05/30/2023","38,718","38,177","39,111","38,177","4.82M","1.81%"
"05/29/2023","38,030","37,784","38,030","37,489","2.26M","1.31%"
"05/26/2023","37,538","37,391","37,735","37,342","882.50K","0.53%"
"05/25/2023","37,342","37,293","37,735","37,145","1.48M","0.13%"
"05/24/2023","37,293","37,735","37,784","37,244","1.25M","-0.78%"
"05/23/2023","37,588","37,981","38,128","37,538","1.47M","-0.78%"
"05/22/2023","37,882","37,686","37,981","37,391","1.52M","0.65%"
"05/19/2023","37,637","37,440","37,637","37,145","1.64M","0.52%"
"05/18/2023","37,440","37,882","38,030","37,440","1.75M","-0.13%"
"05/17/2023","37,489","37,784","37,981","37,293","1.33M","-0.78%"
"05/16/2023","37,784","38,226","38,276","37,538","2.13M","-1.16%"
"05/15/2023","38,226","38,472","38,718","38,177","2.78M","-0.26%"
"05/12/2023","38,325","38,079","38,423","37,538","2.03M","0.78%"
"05/11/2023","38,030","38,472","38,669","37,882","1.66M","-0.77%"
"05/10/2023","38,325","37,391","38,325","37,244","2.35M","2.77%"
"05/09/2023","37,293","37,195","37,686","37,195","931.10K","0.26%"
"05/08/2023","37,195","37,145","37,588","37,145","1.27M","0.13%"
"05/05/2023","37,145","37,244","37,440","36,998","1.17M","-0.26%"
"05/04/2023","37,244","37,440","38,226","37,244","2.46M","-3.32%"
"04/28/2023","38,521","37,981","38,521","37,932","2.52M","1.42%"
"04/27/2023","37,981","37,833","37,981","37,489","1.29M","0.65%"
"04/26/2023","37,735","37,047","37,735","36,998","1.84M","1.86%"
"04/25/2023","37,047","37,932","38,128","36,851","2.74M","-1.82%"
"04/24/2023","37,735","38,521","38,619","37,588","3.21M","-2.29%"
"04/21/2023","38,619","39,700","39,700","38,619","2.81M","-2.72%"
"04/20/2023","39,700","39,799","39,799","39,209","1.42M","-0.25%"
"04/19/2023","39,799","39,356","40,585","39,307","2.95M","1.38%"
"04/18/2023","39,258","39,848","40,044","39,258","2.76M","0.25%"
"04/17/2023","39,160","39,160","39,307","38,865","1.41M","-0.37%"
"04/14/2023","39,307","40,536","40,683","39,307","2.68M","-2.56%"
"04/13/2023","40,339","40,290","40,585","39,946","3.14M","0.74%"
"04/12/2023","40,044","39,799","40,978","39,799","3.97M","0.12%"
"04/11/2023","39,995","40,290","40,290","39,504","2.85M","-0.73%"
"04/10/2023","40,290","38,521","40,437","38,521","5.83M","5.13%"
"04/07/2023","38,325","38,177","38,374","37,833","2.03M","-0.26%"
"04/06/2023","38,423","39,307","39,307","38,374","1.97M","-1.64%"
"04/05/2023","39,062","39,111","39,160","38,816","1.74M","-0.13%"
"04/04/2023","39,111","38,423","39,258","38,374","3.13M","2.05%"
"04/03/2023","38,325","38,325","38,521","38,030","2.11M","1.17%"
"03/31/2023","37,882","37,882","38,276","37,588","1.82M","-0.13%"
"03/30/2023","37,932","38,128","38,521","37,489","2.67M","-0.26%"
"03/29/2023","38,030","38,570","38,669","38,030","1.83M","-1.02%"
"03/28/2023","38,423","37,538","38,619","37,440","4.20M","2.62%"
"03/27/2023","37,440","37,342","37,784","37,195","2.47M","0.40%"
"03/24/2023","37,293","36,949","37,538","36,949","1.73M","0.40%"
"03/23/2023","37,145","36,949","37,293","36,851","1.24M","-0.40%"
"03/22/2023","37,293","37,981","37,981","37,293","1.51M","-1.43%"
"03/21/2023","37,833","38,128","38,128","36,851","1.41M","1.05%"
"03/20/2023","37,440","38,325","38,718","37,391","2.30M","-3.30%"
"03/17/2023","38,718","39,209","39,209","38,177","953.80K","0.00%"
"03/16/2023","38,718","39,307","39,307","38,128","1.67M","-1.50%"
"03/15/2023","39,307","38,914","39,406","38,718","1.90M","3.63%"
"03/14/2023","37,932","38,619","38,914","37,637","1.61M","-2.03%"
"03/13/2023","38,718","39,062","39,307","38,718","1.35M","-0.88%"
"03/10/2023","39,062","39,209","39,406","38,718","1.57M","-0.63%"
"03/09/2023","39,307","38,914","39,848","38,865","2.12M","1.52%"
"03/08/2023","38,718","38,325","38,865","37,981","2.03M","-0.76%"
"03/07/2023","39,013","39,307","39,504","38,521","1.59M","0.76%"
"03/06/2023","38,718","39,258","39,799","38,718","1.47M","0.00%"
"03/03/2023","38,718","39,602","39,897","38,718","1.86M","-2.23%"
"03/02/2023","39,602","40,093","40,290","39,307","868.90K","-1.23%"
"03/01/2023","40,093","39,307","40,290","38,570","1.52M","2.00%"
"02/28/2023","39,307","39,799","40,487","39,160","1.57M","-1.23%"
"02/27/2023","39,799","40,290","41,174","39,799","1.97M","-3.80%"
"02/24/2023","41,371","41,764","42,206","40,880","1.63M","-2.09%"
"02/23/2023","42,255","42,059","42,255","41,273","1.31M","0.00%"
"02/22/2023","42,255","43,238","43,729","42,255","1.64M","-3.37%"
"02/21/2023","43,729","43,631","44,466","43,631","1.41M","0.45%"
"02/20/2023","43,533","42,452","43,533","42,010","1.87M","2.43%"
"02/17/2023","42,501","42,550","42,550","42,108","959.10K","-0.12%"
"02/16/2023","42,550","42,452","42,747","42,059","944.20K","1.29%"
"02/15/2023","42,010","41,764","42,747","41,764","1.08M","0.59%"
"02/14/2023","41,764","42,059","42,255","41,666","803.20K","0.00%"
"02/13/2023","41,764","41,371","41,764","40,781","1.73M","0.95%"
"02/10/2023","41,371","43,238","43,680","41,371","2.03M","-4.32%"
"02/09/2023","43,238","43,631","44,663","43,238","1.47M","-1.12%"
"02/08/2023","43,729","44,909","45,203","43,729","1.65M","-2.63%"
"02/07/2023","44,909","45,842","47,169","44,909","2.02M","-3.08%"
"02/06/2023","46,334","46,186","46,383","44,909","2.65M","-1.36%"
"02/03/2023","46,972","47,218","47,758","46,972","6.22M","-4.21%"
"02/02/2023","49,036","46,137","49,036","45,498","4.86M","5.94%"
"02/01/2023","46,284","45,400","46,334","44,909","7.84M","1.29%"
"01/31/2023","45,695","45,105","45,695","44,565","2.72M","0.65%"
"01/30/2023","45,400","45,105","45,990","44,614","3.21M","0.65%"
"01/27/2023","45,105","45,596","46,088","45,105","2.48M","0.66%"
"01/19/2023","44,810","44,172","45,302","43,975","3.49M","1.45%"
"01/18/2023","44,172","42,747","44,417","42,501","3.69M","4.41%"
"01/17/2023","42,305","41,666","42,648","41,469","2.76M","2.74%"
"01/16/2023","41,174","41,322","41,567","40,978","1.41M","-0.36%"
"01/13/2023","41,322","41,666","41,911","41,322","1.09M","-0.12%"
"01/12/2023","41,371","41,813","42,255","41,322","986.10K","-1.06%"
"01/11/2023","41,813","41,567","42,452","41,567","1.46M","0.83%"
"01/10/2023","41,469","41,273","41,862","41,174","1.42M","0.48%"
"01/09/2023","41,273","42,403","42,550","41,273","2.66M","-2.67%"
"01/06/2023","42,403","42,845","43,091","42,403","1.51M","-1.03%"
"01/05/2023","42,845","43,140","43,238","42,550","1.10M","0.23%"
"01/04/2023","42,747","42,354","43,533","42,354","1.87M","-1.02%"
"01/03/2023","43,189","42,059","43,238","41,764","2.00M","2.45%"
"12/30/2022","42,157","42,059","42,255","41,322","1.65M","0.00%"
"12/29/2022","42,157","41,764","42,157","41,371","1.21M","-0.23%"
"12/28/2022","42,255","42,255","42,452","41,174","1.39M","-1.83%"
"12/27/2022","43,042","40,781","43,042","40,781","2.32M","2.82%"
"12/26/2022","41,862","44,712","44,958","41,862","2.56M","-6.99%"
"12/23/2022","45,007","45,695","45,695","44,761","1.58M","-1.51%"
"12/22/2022","45,695","45,547","45,891","44,516","1.52M","0.22%"
"12/21/2022","45,596","45,695","45,940","43,582","2.05M","-0.22%"
"12/20/2022","45,695","45,793","46,039","43,435","3.35M","-1.38%"
"12/19/2022","46,334","46,776","47,955","46,334","3.78M","-1.46%"
"12/16/2022","47,021","45,940","47,120","45,105","3.00M","1.81%"
"12/15/2022","46,186","45,646","46,677","45,351","2.54M","1.18%"
"12/14/2022","45,646","46,481","46,481","45,007","2.19M","0.11%"
"12/13/2022","45,596","44,958","45,596","43,631","1.96M","1.09%"
"12/12/2022","45,105","45,400","46,481","44,221","3.47M","-0.65%"
"12/09/2022","45,400","45,203","45,793","44,565","1.68M","0.43%"
"12/08/2022","45,203","45,007","46,186","44,417","2.63M","2.56%"
"12/07/2022","44,073","43,582","44,221","42,747","2.93M","1.13%"
"12/06/2022","43,582","46,383","46,383","43,582","4.09M","-6.83%"
"12/05/2022","46,776","46,235","48,004","46,235","4.15M","0.48%"
"12/02/2022","46,553","42,987","46,553","42,987","6.46M","6.70%"
"12/01/2022","43,631","44,572","45,167","42,344","5.86M","-0.11%"
"11/30/2022","43,681","43,186","44,572","42,591","3.78M","3.04%"
"11/29/2022","42,393","40,115","42,393","40,115","5.27M","6.60%"
"11/28/2022","39,768","37,936","40,016","37,936","4.32M","6.22%"
"11/25/2022","37,441","37,193","37,936","36,153","2.60M","0.27%"
"11/24/2022","37,342","38,827","38,827","37,342","7.86M","-6.91%"
"11/23/2022","40,115","39,917","40,511","39,719","1.51M","0.75%"
"11/22/2022","39,818","39,818","41,205","39,471","3.71M","-1.11%"
"11/21/2022","40,264","41,551","41,551","40,264","1.76M","-3.56%"
"11/18/2022","41,749","40,610","41,848","39,521","4.37M","0.84%"
"11/17/2022","41,403","41,353","42,492","40,412","2.86M","3.34%"
"11/16/2022","40,065","34,915","40,065","34,915","8.56M","6.87%"
"11/15/2022","37,490","37,837","39,125","37,490","2.98M","-6.89%"
"11/14/2022","40,264","41,601","42,344","40,016","3.51M","-5.46%"
"11/11/2022","42,591","42,987","43,978","42,591","3.57M","1.54%"
"11/10/2022","41,947","44,523","44,523","41,947","3.67M","-6.92%"
"11/09/2022","45,067","44,572","46,008","44,127","2.16M","2.02%"
"11/08/2022","44,176","42,443","45,167","40,907","4.12M","4.08%"
"11/07/2022","42,443","45,563","46,107","42,443","5.34M","-6.95%"
"11/04/2022","45,612","47,098","47,544","45,612","5.74M","-6.97%"
"11/03/2022","49,029","48,534","49,822","47,643","2.60M","3.12%"
"11/02/2022","47,544","49,525","49,822","46,355","4.32M","-4.19%"
"11/01/2022","49,624","51,506","52,001","49,624","2.00M","-2.91%"
"10/31/2022","51,109","51,902","52,397","49,029","3.90M","-3.01%"
"10/28/2022","52,694","52,991","53,883","52,298","1.80M","-0.19%"
"10/27/2022","52,793","50,812","53,388","50,812","2.99M","2.70%"
"10/26/2022","51,407","51,605","52,001","50,119","1.53M","-0.19%"
"10/25/2022","51,506","50,218","53,487","48,534","4.40M","2.77%"
"10/24/2022","50,119","53,982","54,477","50,119","4.83M","-6.99%"
"10/21/2022","53,883","57,746","57,746","53,883","4.24M","-6.85%"
"10/20/2022","57,845","57,647","58,439","57,350","1.81M","-1.02%"
"10/19/2022","58,439","58,637","58,934","57,746","1.41M","0.00%"
"10/18/2022","58,439","59,331","59,925","58,043","2.05M","0.17%"
"10/17/2022","58,340","59,033","59,033","57,251","2.67M","-1.67%"
"10/14/2022","59,331","57,449","59,727","57,449","2.99M","3.99%"
"10/13/2022","57,052","56,458","57,647","55,963","1.53M","0.17%"
"10/12/2022","56,953","54,972","58,241","54,972","2.89M","3.79%"
"10/11/2022","54,873","56,557","57,052","53,586","2.33M","-2.98%"
"10/10/2022","56,557","52,595","56,755","52,496","3.91M","5.74%"
"10/07/2022","53,487","55,963","57,350","53,487","5.57M","-6.90%"
"10/06/2022","57,449","61,609","61,708","57,449","3.17M","-6.75%"
"10/05/2022","61,609","60,420","62,500","60,420","2.12M","1.97%"
"10/04/2022","60,420","60,618","60,717","59,529","4.02M","2.35%"
"10/03/2022","59,033","62,302","62,302","59,033","4.03M","-6.88%"
"09/30/2022","63,392","63,094","63,590","61,113","4.37M","0.00%"
"09/29/2022","63,392","65,868","65,868","63,094","2.55M","-1.54%"
"09/28/2022","64,382","65,472","66,363","64,382","2.72M","-3.13%"
"09/27/2022","66,462","66,759","67,354","66,165","1.54M","-1.32%"
"09/26/2022","67,354","67,155","67,552","64,976","5.24M","-2.02%"
"09/23/2022","68,740","69,434","69,434","67,948","2.72M","-1.00%"
"09/22/2022","69,434","68,443","70,127","67,651","4.25M","0.14%"
"09/21/2022","69,335","70,325","70,325","69,335","3.11M","-2.37%"
"09/20/2022","71,018","70,226","71,316","68,542","3.38M","1.70%"
"09/19/2022","69,830","71,316","72,108","68,443","4.17M","-2.08%"
"09/16/2022","71,316","72,702","72,999","70,721","4.28M","-2.57%"
"09/15/2022","73,198","72,999","74,089","72,702","3.18M","0.27%"
"09/14/2022","72,999","72,009","73,198","71,910","3.70M","-0.54%"
"09/13/2022","73,396","73,297","73,693","72,603","1.96M","0.14%"
"09/12/2022","73,297","71,514","74,683","71,415","7.35M","2.78%"
"09/09/2022","71,316","71,316","71,712","70,127","2.78M","0.70%"
"09/08/2022","70,820","70,820","71,613","69,830","3.75M","1.13%"
"09/07/2022","70,028","71,910","72,108","69,929","5.67M","-3.02%"
"09/06/2022","72,207","71,910","72,603","71,712","2.60M","0.55%"
"09/05/2022","71,811","73,198","73,198","71,811","2.69M","-2.03%"
"08/31/2022","73,297","71,811","73,297","71,811","4.62M","0.96%"
"08/30/2022","72,603","73,792","74,287","72,207","4.23M","-0.95%"
"08/29/2022","73,297","71,117","73,297","70,028","7.69M","2.49%"
"08/26/2022","71,514","68,047","72,405","68,047","10.85M","5.56%"
"08/25/2022","67,750","67,056","68,047","66,660","5.15M","2.40%"
"08/24/2022","66,165","66,264","66,561","65,670","2.22M","-0.15%"
"08/23/2022","66,264","65,274","67,155","65,274","4.01M","0.60%"
"08/22/2022","65,868","63,986","66,264","63,887","5.86M","3.74%"
"08/19/2022","63,491","63,887","64,778","62,500","2.28M","-0.62%"
"08/18/2022","63,887","64,382","65,175","63,293","4.07M","-0.77%"
"08/17/2022","64,382","65,373","65,769","64,382","2.52M","-1.52%"
"08/16/2022","65,373","64,382","66,363","64,382","3.91M","1.54%"
"08/15/2022","64,382","62,698","64,382","62,401","4.43M","3.17%"
"08/12/2022","62,401","62,302","63,094","61,609","2.42M","0.00%"
"08/11/2022","62,401","63,392","63,590","61,906","2.72M","-0.94%"
"08/10/2022","62,995","62,698","63,689","62,401","1.97M","0.47%"
"08/09/2022","62,698","62,500","62,995","62,302","2.81M","0.64%"
"08/08/2022","62,302","62,104","62,302","61,708","2.49M","0.32%"
"08/05/2022","62,104","62,302","62,896","62,005","2.71M","0.00%"
"08/04/2022","62,104","61,609","62,401","61,510","4.34M","1.46%"
"08/03/2022","61,213","61,411","61,609","60,717","2.66M","-0.32%"
"08/02/2022","61,411","61,213","61,906","60,717","2.12M","1.14%"
"08/01/2022","60,717","60,420","61,312","59,430","3.26M","0.49%"
"07/29/2022","60,420","61,807","61,807","60,420","3.38M","-1.61%"
"07/28/2022","61,411","62,401","62,401","61,411","1.95M","-0.16%"
"07/27/2022","61,510","59,529","62,401","59,529","1.87M","-1.43%"
"07/26/2022","62,401","63,293","63,293","62,203","1.81M","-0.47%"
"07/25/2022","62,698","64,184","65,175","62,104","4.02M","-1.86%"
"07/22/2022","63,887","64,283","66,165","63,590","5.45M","0.62%"
"07/21/2022","63,491","60,618","63,887","60,618","5.00M","4.74%"
"07/20/2022","60,618","58,637","62,401","57,647","7.38M","2.00%"
"07/19/2022","59,430","60,618","60,618","58,934","2.12M","-1.64%"
"07/18/2022","60,420","60,915","62,302","59,628","2.54M","-0.81%"
"07/15/2022","60,915","62,203","62,599","60,915","3.08M","-1.76%"
"07/14/2022","62,005","62,302","63,392","61,708","2.13M","-1.57%"
"07/13/2022","62,995","63,392","63,590","61,312","3.10M","-1.24%"
"07/12/2022","63,788","64,184","64,184","63,392","1.61M","-0.15%"
"07/11/2022","63,887","64,184","64,283","63,392","1.37M","-0.77%"
"07/08/2022","64,382","64,085","65,868","63,788","2.59M","1.56%"
"07/07/2022","63,392","63,491","64,382","63,293","1.59M","0.00%"
"07/06/2022","63,392","64,877","65,670","63,392","2.40M","-2.29%"
"07/05/2022","64,877","67,155","67,155","63,392","3.98M","-3.39%"
"07/04/2022","67,155","69,335","69,434","65,967","5.18M","-3.56%"
"07/01/2022","69,632","70,919","70,919","68,146","3.29M","-1.68%"
"06/30/2022","70,820","72,405","72,405","70,523","2.40M","-2.06%"
"06/29/2022","72,306","72,108","73,297","70,424","3.15M","0.27%"
"06/28/2022","72,108","70,325","72,207","70,325","4.12M","1.82%"
"06/27/2022","70,820","71,018","71,811","70,424","3.16M","-0.56%"
"06/24/2022","71,217","72,801","72,801","70,721","2.72M","-0.83%"
"06/23/2022","71,811","69,335","72,801","69,136","4.91M","3.87%"
"06/22/2022","69,136","74,881","74,881","68,542","3.82M","-5.03%"
"06/21/2022","72,801","74,287","75,079","70,325","3.37M","-0.54%"
"06/20/2022","73,198","77,259","77,259","72,900","4.48M","-4.89%"
"06/17/2022","76,961","78,249","78,249","75,575","3.50M","-1.65%"
"06/16/2022","78,249","78,249","78,249","76,862","6.04M","6.97%"
"06/15/2022","73,148","71,811","73,148","71,316","5.12M","2.93%"
"06/14/2022","71,068","68,592","71,464","68,344","3.21M","2.50%"
"06/13/2022","69,335","71,811","73,049","69,335","6.46M","-6.67%"
"06/10/2022","74,287","76,268","76,763","74,287","3.88M","-1.83%"
"06/09/2022","75,674","75,971","76,763","74,931","2.26M","-0.39%"
"06/08/2022","75,971","76,417","78,200","75,971","4.15M","0.26%"
"06/07/2022","75,773","76,268","76,268","73,792","3.69M","-0.45%"
"06/06/2022","76,119","75,775","77,005","75,775","3.78M","0.98%"
"06/03/2022","75,381","72,675","75,923","72,675","3.34M","3.72%"
"06/02/2022","72,675","72,085","74,053","71,593","3.61M","1.51%"
"06/01/2022","71,593","71,297","72,331","70,855","2.12M","0.42%"
"05/31/2022","71,297","71,445","71,445","70,363","1.48M","-0.21%"
"05/30/2022","71,445","72,183","72,577","70,559","2.52M","-1.02%"
"05/27/2022","72,183","68,493","72,282","68,493","5.10M","5.54%"
"05/26/2022","68,394","68,886","69,132","66,918","1.43M","0.00%"
"05/25/2022","68,394","66,131","69,624","65,934","3.12M","4.51%"
"05/24/2022","65,442","64,409","65,442","63,868","1.16M","1.68%"
"05/23/2022","64,360","66,426","66,426","63,966","1.08M","-2.39%"
"05/20/2022","65,934","65,196","66,820","64,950","1.74M","0.75%"
"05/19/2022","65,442","63,966","65,688","63,622","1.68M","-0.37%"
"05/18/2022","65,688","64,802","65,787","63,868","1.61M","1.44%"
"05/17/2022","64,753","61,457","64,753","60,030","2.11M","6.99%"
"05/16/2022","60,522","65,196","65,196","59,636","2.67M","-1.68%"
"05/13/2022","61,555","66,131","66,475","61,555","5.49M","-6.92%"
"05/12/2022","66,131","68,837","68,837","66,131","3.41M","-4.68%"
"05/11/2022","69,378","68,985","69,378","67,509","2.33M","0.64%"
"05/10/2022","68,936","66,426","68,936","65,442","3.64M","2.71%"
"05/09/2022","67,115","70,953","71,002","67,115","5.39M","-6.96%"
"05/06/2022","72,134","72,085","73,266","71,888","2.17M","-1.87%"
"05/05/2022","73,512","74,053","74,053","71,396","2.34M","-0.07%"
"05/04/2022","73,561","73,807","74,545","73,069","2.30M","0.20%"
"04/29/2022","73,413","71,445","73,807","71,445","3.48M","2.90%"
"04/28/2022","71,347","72,577","73,315","71,248","3.05M","-1.49%"
"04/27/2022","72,429","71,839","72,577","70,363","3.44M","-1.07%"
"04/26/2022","73,216","69,378","74,250","68,394","5.44M","2.69%"
"04/25/2022","71,297","75,775","76,415","71,297","7.42M","-7.00%"
"04/22/2022","76,661","77,054","77,251","71,396","8.10M","0.19%"
"04/21/2022","76,513","75,873","77,497","75,627","4.61M","-0.32%"
"04/20/2022","76,759","76,316","78,432","75,677","3.80M","0.00%"
"04/19/2022","76,759","78,580","79,269","76,267","6.57M","-3.55%"
"04/18/2022","79,582","79,980","80,476","79,036","5.23M","0.00%"
"04/15/2022","79,582","78,241","80,427","78,092","4.68M","0.44%"
"04/14/2022","79,234","77,595","80,874","76,999","5.85M","2.11%"
"04/13/2022","77,595","75,012","77,993","74,764","6.81M","2.29%"
"04/12/2022","75,856","74,515","75,856","72,528","5.29M","1.80%"
"04/08/2022","74,515","76,999","76,999","74,515","4.41M","-3.23%"
"04/07/2022","76,999","79,384","79,533","76,304","6.20M","-2.39%"
"04/06/2022","78,887","76,502","80,476","76,204","5.96M","2.32%"
"04/05/2022","77,098","76,254","77,794","76,006","2.52M","0.13%"
"04/04/2022","76,999","78,738","78,837","76,999","2.80M","-0.64%"
"04/01/2022","77,496","73,273","77,496","73,075","8.26M","7.00%"
"03/31/2022","72,429","71,535","73,770","70,789","3.60M","0.97%"
"03/30/2022","71,733","72,280","72,975","69,597","3.39M","-1.43%"
"03/29/2022","72,777","72,280","74,167","71,535","4.68M","1.74%"
"03/28/2022","71,535","69,150","71,584","69,001","7.67M","3.67%"
"03/25/2022","69,001","66,915","69,746","66,418","7.57M","3.66%"
"03/24/2022","66,567","67,064","67,064","66,070","1.83M","-0.74%"
"03/23/2022","67,064","66,915","67,759","66,865","1.59M","-0.15%"
"03/22/2022","67,163","67,064","67,560","66,368","2.09M","0.22%"
"03/21/2022","67,014","65,573","67,014","65,325","1.84M","2.51%"
"03/18/2022","65,375","64,977","65,474","64,977","1.58M","0.61%"
"03/17/2022","64,977","65,474","65,573","64,977","1.38M","-0.46%"
"03/16/2022","65,275","65,176","65,573","64,580","2.11M","0.00%"
"03/15/2022","65,275","64,928","65,275","64,083","2.01M","-0.23%"
"03/14/2022","65,424","65,623","65,971","64,331","2.45M","-0.98%"
"03/11/2022","66,070","66,269","66,269","65,573","1.31M","-0.38%"
"03/10/2022","66,319","66,567","66,567","65,871","1.77M","-0.22%"
"03/09/2022","66,468","66,617","66,617","65,822","2.30M","-0.30%"
"03/08/2022","66,666","66,567","66,815","65,772","3.99M","0.00%"
"03/07/2022","66,666","66,815","67,064","66,567","2.29M","-1.18%"
"03/04/2022","67,461","67,809","67,859","66,865","2.15M","-0.51%"
"03/03/2022","67,809","67,064","67,809","66,368","2.12M","1.49%"
"03/02/2022","66,815","67,461","67,461","66,567","3.34M","-1.10%"
"03/01/2022","67,560","68,008","68,057","67,113","2.42M","0.00%"
"02/28/2022","67,560","67,809","68,554","67,312","3.60M","-1.16%"
"02/25/2022","68,355","68,008","69,448","67,560","5.38M","0.58%"
"02/24/2022","67,958","68,057","68,405","67,312","2.35M","-0.73%"
"02/23/2022","68,455","68,405","69,846","68,008","3.22M","0.07%"
"02/22/2022","68,405","66,070","69,150","65,772","6.55M","2.84%"
"02/21/2022","66,517","65,822","67,014","65,822","1.22M","-0.08%"
"02/18/2022","66,567","65,623","66,567","65,623","935.60K","-0.37%"
"02/17/2022","66,815","65,573","66,815","65,524","2.06M","1.20%"
"02/16/2022","66,020","66,666","66,666","65,375","1.12M","-0.30%"
"02/15/2022","66,219","65,921","66,517","65,325","1.14M","0.99%"
"02/14/2022","65,573","66,517","67,064","65,573","1.91M","-2.44%"
"02/11/2022","67,213","67,064","67,560","67,064","1.08M","-0.73%"
"02/10/2022","67,709","68,057","68,157","66,815","1.81M","-0.51%"
"02/09/2022","68,057","67,709","68,306","67,560","2.41M","0.51%"
"02/08/2022","67,709","66,517","67,958","66,517","2.90M","1.79%"
"02/07/2022","66,517","66,070","67,411","66,070","1.86M","1.06%"
"01/28/2022","65,822","65,226","65,822","64,431","1.43M","0.76%"
"01/27/2022","65,325","65,027","65,722","64,182","1.06M","-0.30%"
"01/26/2022","65,524","65,077","65,524","64,083","1.91M","0.69%"
"01/25/2022","65,077","64,480","65,077","63,388","1.61M","0.85%"
"01/24/2022","64,530","65,673","66,169","64,530","1.74M","-2.48%"
"01/21/2022","66,169","66,567","66,567","65,226","1.31M","-0.60%"
"01/20/2022","66,567","66,070","66,567","65,623","1.79M","0.37%"
"01/19/2022","66,319","64,679","66,567","64,580","1.91M","2.61%"
"01/18/2022","64,630","64,083","65,573","63,884","1.63M","0.08%"
"01/17/2022","64,580","66,070","66,517","64,580","1.63M","-2.98%"
"01/14/2022","66,567","67,064","67,064","66,169","936.80K","-1.11%"
"01/13/2022","67,312","67,809","67,809","65,573","1.85M","-0.37%"
"01/12/2022","67,560","65,474","67,560","64,580","1.86M","3.19%"
"01/11/2022","65,474","66,070","66,815","65,424","1.55M","-0.90%"
"01/10/2022","66,070","67,312","67,312","66,070","1.85M","-1.85%"
"01/07/2022","67,312","68,306","68,306","67,312","1.84M","-1.46%"
"01/06/2022","68,306","68,107","68,951","67,809","1.54M","0.29%"
"01/05/2022","68,107","68,455","69,200","68,107","2.36M","-0.51%"
"01/04/2022","68,455","67,511","69,150","67,014","2.66M","1.40%"
"12/31/2021","67,511","66,716","67,511","66,269","2.26M","1.19%"
"12/30/2021","66,716","66,815","67,262","66,567","1.67M","-0.07%"
"12/29/2021","66,766","66,865","67,560","66,617","1.27M","-1.03%"
"12/28/2021","67,461","67,312","67,461","66,120","1.49M","0.67%"
"12/27/2021","67,014","66,915","67,262","66,070","1.45M","0.22%"
"12/24/2021","66,865","66,368","66,865","65,822","1.12M","0.75%"
"12/23/2021","66,368","66,964","67,461","65,474","1.87M","-0.89%"
"12/22/2021","66,964","66,368","68,057","66,269","2.60M","1.35%"
"12/21/2021","66,070","66,070","66,070","65,623","947.20K","0.00%"
"12/20/2021","66,070","66,319","66,865","65,822","1.59M","-1.12%"
"12/17/2021","66,815","66,368","67,064","66,120","1.47M","0.67%"
"12/16/2021","66,368","67,560","67,560","66,368","1.62M","-1.69%"
"12/15/2021","67,511","67,262","67,560","66,567","1.20M","0.37%"
"12/14/2021","67,262","66,915","67,560","66,319","1.33M","0.37%"
"12/13/2021","67,014","66,766","67,014","66,567","1.29M","0.60%"
"12/10/2021","66,617","66,120","67,014","66,070","1.41M","0.08%"
"12/09/2021","66,567","66,517","67,064","66,319","1.38M","0.08%"
"12/08/2021","66,517","66,368","67,064","66,070","1.38M","0.30%"
"12/07/2021","66,319","65,275","66,319","65,275","1.33M","1.60%"
"12/06/2021","65,275","66,319","66,319","63,040","3.35M","-1.57%"
"12/03/2021","66,319","67,709","68,057","66,319","2.10M","-2.55%"
"12/02/2021","68,057","68,951","68,951","67,958","1.23M","-1.37%"
"12/01/2021","69,001","67,809","69,548","67,610","2.99M","0.00%"
"11/30/2021","69,001","68,802","69,498","68,008","2.18M","1.02%"
"11/29/2021","68,306","69,001","69,895","68,256","4.74M","-2.83%"
"11/26/2021","70,293","71,932","72,280","70,293","2.52M","-2.41%"
"11/25/2021","72,031","71,584","72,031","70,789","1.69M","0.69%"
"11/24/2021","71,535","71,038","71,535","70,193","2.98M","0.70%"
"11/23/2021","71,038","68,852","71,535","68,604","3.85M","3.17%"
"11/22/2021","68,852","69,548","69,746","68,554","2.23M","-0.29%"
"11/19/2021","69,051","69,548","70,044","67,560","2.76M","0.00%"
"11/18/2021","69,051","68,703","70,293","67,958","4.26M","0.80%"
"11/17/2021","68,504","68,405","68,554","67,660","1.72M","0.00%"
"11/16/2021","68,504","68,554","69,051","67,560","2.98M","-1.08%"
"11/15/2021","69,249","67,709","69,498","67,709","5.26M","2.50%"
"11/12/2021","67,560","67,560","67,560","66,517","2.37M","0.74%"
"11/11/2021","67,064","65,325","67,560","64,828","8.88M","2.66%"
"11/10/2021","65,325","64,580","65,325","64,331","1.53M","1.15%"
"11/09/2021","64,580","65,474","65,573","64,580","2.10M","-1.22%"
"11/08/2021","65,375","65,573","66,070","65,375","2.25M","-0.30%"
"11/05/2021","65,573","66,070","66,070","65,077","3.27M","1.62%"
"11/04/2021","64,530","63,835","64,878","63,586","1.90M","0.85%"
"11/03/2021","63,984","64,033","64,580","63,338","2.81M","-0.08%"
"11/02/2021","64,033","63,835","64,530","63,835","1.73M","-0.85%"
"11/01/2021","64,580","65,325","65,474","64,083","2.28M","-1.06%"
"10/29/2021","65,275","65,325","65,524","65,027","2.69M","-0.45%"
"10/28/2021","65,573","65,226","65,822","63,835","2.38M","0.00%"
"10/27/2021","65,573","63,586","66,020","63,586","4.13M","3.12%"
"10/26/2021","63,586","63,586","63,586","63,040","1.99M","-0.31%"
"10/25/2021","63,785","63,586","64,480","63,586","1.85M","0.63%"
"10/22/2021","63,388","63,735","63,785","63,139","1.85M","0.47%"
"10/21/2021","63,090","64,182","64,580","63,090","2.94M","-1.70%"
"10/20/2021","64,182","64,530","65,077","63,586","2.67M","-0.39%"
"10/19/2021","64,431","64,530","65,077","64,133","2.30M","-0.77%"
"10/18/2021","64,928","65,673","66,020","64,928","2.93M","-1.28%"
"10/15/2021","65,772","66,319","66,418","65,573","1.65M","-0.82%"
"10/14/2021","66,319","66,567","66,964","65,573","3.85M","-0.30%"
"10/13/2021","66,517","65,722","66,666","65,623","3.79M","1.36%"
"10/12/2021","65,623","64,331","65,971","64,331","4.56M","2.01%"
"10/11/2021","64,331","64,033","64,431","63,338","3.50M","0.54%"
"10/08/2021","63,984","63,338","64,331","63,239","3.01M","0.63%"
"10/07/2021","63,586","63,239","63,735","63,239","1.93M","-0.23%"
"10/06/2021","63,735","62,941","64,580","62,791","3.38M","1.18%"
"10/05/2021","62,990","62,593","62,990","62,146","1.88M","0.48%"
"10/04/2021","62,692","62,096","62,692","61,251","4.38M","0.00%"
"10/01/2021","62,692","63,090","63,487","62,593","2.17M","-1.25%"
"09/30/2021","63,487","63,487","64,083","62,941","2.09M","0.00%"
"09/29/2021","63,487","62,990","63,835","62,990","2.42M","0.87%"
"09/28/2021","62,941","61,897","63,090","61,550","2.69M","0.56%"
"09/27/2021","62,593","64,083","64,083","62,593","7.48M","-3.45%"
"09/24/2021","64,828","65,673","66,567","64,630","2.64M","-1.14%"
"09/23/2021","65,573","62,841","66,269","62,841","5.18M","5.01%"
"09/22/2021","62,444","61,599","62,791","61,550","2.59M","1.53%"
"09/21/2021","61,500","60,159","62,344","60,159","2.66M","0.65%"
"09/20/2021","61,102","62,046","63,090","60,308","2.74M","0.00%"
"09/17/2021","61,102","61,401","61,599","60,705","1.84M","-0.49%"
"09/16/2021","61,401","61,848","61,848","61,003","1.56M","-0.80%"
"09/15/2021","61,897","61,351","62,096","61,003","1.46M","0.08%"
"09/14/2021","61,848","61,599","61,997","60,655","2.15M","-0.40%"
"09/13/2021","62,096","59,066","62,096","59,016","4.54M","5.13%"
"09/10/2021","59,066","59,115","59,264","58,172","1.84M","0.00%"
"09/09/2021","59,066","55,539","59,066","55,340","5.09M","6.73%"
"09/08/2021","55,340","54,794","55,340","54,644","1.37M","1.00%"
"09/07/2021","54,794","55,340","55,390","54,644","1.79M","-0.63%"
"09/06/2021","55,141","55,141","55,191","54,893","2.24M","0.73%"
"09/01/2021","54,744","54,794","55,141","54,098","1.34M","-0.72%"
"08/31/2021","55,141","55,141","55,141","54,644","1.26M","0.36%"
"08/30/2021","54,943","55,191","55,787","54,943","2.53M","1.06%"
"08/27/2021","54,369","53,608","54,501","53,608","4.01M","1.54%"
"08/26/2021","53,542","54,170","54,335","53,410","1.85M","0.31%"
"08/25/2021","53,377","53,212","54,203","52,914","1.80M","0.62%"
"08/24/2021","53,047","52,485","53,674","52,253","3.18M","1.52%"
"08/23/2021","52,253","53,873","54,203","52,220","4.86M","-3.60%"
"08/20/2021","54,203","56,847","56,847","54,203","6.11M","-4.93%"
"08/19/2021","57,013","57,013","57,013","56,021","2.36M","0.00%"
"08/18/2021","57,013","55,856","57,343","55,724","2.59M","1.53%"
"08/17/2021","56,153","56,153","56,219","55,492","3.31M","-0.12%"
"08/16/2021","56,219","56,682","56,847","55,525","3.09M","-0.53%"
"08/13/2021","56,517","56,021","56,517","55,327","3.35M","0.59%"
"08/12/2021","56,186","57,343","57,839","56,186","3.52M","-2.86%"
"08/11/2021","57,839","57,508","59,260","57,046","5.01M","0.63%"
"08/10/2021","57,475","57,508","57,574","56,715","2.65M","0.06%"
"08/09/2021","57,442","56,517","57,574","56,021","1.91M","1.34%"
"08/06/2021","56,682","57,178","58,004","56,682","3.10M","-0.87%"
"08/05/2021","57,178","56,054","57,608","55,856","2.97M","1.77%"
"08/04/2021","56,186","56,219","56,484","55,691","2.49M","0.06%"
"08/03/2021","56,153","56,153","56,186","55,525","2.61M","0.00%"
"08/02/2021","56,153","54,203","57,013","54,038","4.90M","3.53%"
"07/30/2021","54,236","53,377","54,501","52,716","5.34M","0.80%"
"07/29/2021","53,807","52,815","53,807","51,559","3.95M","3.63%"
"07/28/2021","51,923","52,154","53,047","51,592","1.37M","-0.57%"
"07/27/2021","52,220","53,542","53,542","51,890","4.43M","-1.43%"
"07/26/2021","52,980","53,013","53,212","52,187","3.42M","-0.87%"
"07/23/2021","53,443","53,906","54,600","53,212","3.67M","-2.12%"
"07/22/2021","54,600","53,708","55,658","53,476","2.95M","1.10%"
"07/21/2021","54,005","54,864","55,063","53,575","1.56M","-0.73%"
"07/20/2021","54,402","52,220","54,402","51,724","3.16M","5.18%"
"07/19/2021","51,724","53,311","53,873","51,724","5.60M","-6.90%"
"07/16/2021","55,558","55,558","55,691","54,864","2.04M","0.60%"
"07/15/2021","55,228","54,501","56,517","53,873","3.31M","0.36%"
"07/14/2021","55,030","57,178","57,475","54,335","4.15M","-4.86%"
"07/13/2021","57,839","58,930","58,930","56,847","1.95M","-0.91%"
"07/12/2021","58,368","58,169","59,128","54,534","5.72M","0.06%"
"07/09/2021","58,335","56,880","59,458","56,781","3.04M","2.32%"
"07/08/2021","57,013","56,847","57,905","55,360","4.76M","4.04%"
"07/07/2021","54,798","52,881","54,798","51,229","4.37M","6.97%"
"07/06/2021","51,229","55,691","56,418","51,229","2.87M","-6.91%"
"07/05/2021","55,030","53,212","55,195","53,212","4.07M","6.19%"
"07/02/2021","51,824","49,907","51,890","49,907","2.89M","3.77%"
"07/01/2021","49,940","50,237","50,402","49,741","2.18M","-0.59%"
"06/30/2021","50,237","48,585","50,865","48,585","3.66M","3.40%"
"06/29/2021","48,585","48,089","48,750","47,924","1.67M","1.03%"
"06/28/2021","48,089","47,758","48,254","47,494","2.01M","1.25%"
"06/25/2021","47,494","47,593","47,924","47,428","2.15M","-0.21%"
"06/24/2021","47,593","47,560","48,254","47,527","1.18M","0.00%"
"06/23/2021","47,593","47,990","48,089","47,593","1.33M","-1.37%"
"06/22/2021","48,254","48,254","48,320","46,106","2.21M","0.14%"
"06/21/2021","48,188","46,469","48,221","46,469","3.54M","3.40%"
"06/18/2021","46,602","46,436","46,767","46,271","1.15M","1.44%"
"06/17/2021","45,941","45,114","47,560","44,949","3.85M","1.46%"
"06/16/2021","45,280","45,544","45,544","45,114","1.50M","-0.65%"
"06/15/2021","45,577","45,643","45,941","45,445","1.31M","-0.14%"
"06/14/2021","45,643","45,610","45,874","45,213","2.22M","0.80%"
"06/11/2021","45,280","44,685","45,280","44,652","2.49M","1.26%"
"06/10/2021","44,718","44,619","45,280","44,619","2.04M","-0.81%"
"06/09/2021","45,081","44,949","45,445","44,619","2.22M","0.29%"
"06/08/2021","44,949","44,949","45,610","44,850","2.15M","-0.07%"
"06/07/2021","44,982","45,445","45,478","44,718","2.05M","-1.02%"
"06/04/2021","45,445","45,941","45,941","45,280","1.85M","-1.08%"
"06/03/2021","45,941","46,205","46,205","45,280","1.78M","0.15%"
"06/02/2021","45,874","44,949","46,271","44,916","1.74M","1.68%"
"06/01/2021","45,114","45,445","45,610","44,619","3.22M","-1.44%"
"05/31/2021","45,775","46,271","46,767","45,775","3.81M","-2.94%"
"05/28/2021","47,163","47,064","47,329","46,800","2.23M","0.21%"
"05/27/2021","47,064","47,891","47,924","46,932","2.54M","-1.73%"
"05/26/2021","47,891","48,254","48,320","47,758","2.35M","-0.75%"
"05/25/2021","48,254","48,254","48,419","47,924","2.37M","0.00%"
"05/24/2021","48,254","47,924","48,419","47,626","1.62M","0.41%"
"05/21/2021","48,056","48,552","48,915","47,924","2.94M","-3.07%"
"05/20/2021","49,576","46,502","49,576","46,502","4.23M","5.86%"
"05/19/2021","46,833","46,602","46,932","46,436","1.80M","0.00%"
"05/18/2021","46,833","46,767","46,932","46,502","1.78M","0.14%"
"05/17/2021","46,767","47,428","47,593","46,569","1.61M","-0.70%"
"05/14/2021","47,097","46,436","47,428","46,337","2.46M","1.79%"
"05/13/2021","46,271","45,775","46,436","45,775","2.96M","0.36%"
"05/12/2021","46,106","45,445","46,106","45,412","2.49M","1.45%"
"05/11/2021","45,445","45,445","46,271","45,412","4.15M","-0.43%"
"05/10/2021","45,643","46,271","46,271","45,445","5.23M","-1.50%"
"05/07/2021","46,337","46,602","47,197","46,238","2.77M","-1.27%"
"05/06/2021","46,932","46,569","47,263","46,403","2.77M","0.78%"
"05/05/2021","46,569","46,073","47,296","46,007","3.37M","1.08%"
"05/04/2021","46,073","45,775","46,238","45,610","2.19M","-1.07%"
"04/29/2021","46,569","46,106","46,668","45,643","1.99M","0.64%"
"04/28/2021","46,271","46,271","46,767","45,941","2.98M","-1.34%"
"04/27/2021","46,899","47,097","47,593","46,436","2.45M","-0.42%"
"04/26/2021","47,097","48,717","48,717","47,097","3.81M","-3.39%"
"04/23/2021","48,750","46,932","48,750","46,436","6.60M","3.51%"
"04/22/2021","47,097","47,097","48,915","46,304","7.61M","0.00%"
"04/20/2021","47,097","45,941","47,593","45,775","6.55M","3.71%"
"04/19/2021","45,412","44,619","45,412","43,792","3.61M","2.54%"
"04/16/2021","44,288","43,627","44,685","43,627","2.34M","0.22%"
"04/15/2021","44,189","44,817","45,247","44,189","3.11M","-1.26%"
"04/14/2021","44,751","44,123","44,751","44,123","1.42M","0.37%"
"04/13/2021","44,586","44,685","45,478","44,354","3.70M","0.00%"
"04/12/2021","44,586","44,057","44,619","43,958","2.56M","1.20%"
"04/09/2021","44,057","44,288","44,288","43,891","1.39M","-0.52%"
"04/08/2021","44,288","44,453","44,453","44,123","931.50K","-0.37%"
"04/07/2021","44,453","43,825","44,453","43,660","981.60K","0.90%"
"04/06/2021","44,057","44,123","44,784","43,924","3.11M","-0.60%"
"04/05/2021","44,321","44,949","44,949","44,189","1.09M","-0.52%"
"04/02/2021","44,552","44,916","44,949","44,387","2.39M","0.37%"
"04/01/2021","44,387","42,966","44,453","42,470","3.72M","3.55%"
"03/31/2021","42,867","42,768","43,131","42,503","980.40K","0.23%"
"03/30/2021","42,768","42,999","43,263","42,636","955.80K","-0.54%"
"03/29/2021","42,999","43,098","43,594","42,702","2.61M","0.08%"
"03/26/2021","42,966","42,470","42,966","41,313","1.76M","0.93%"
"03/25/2021","42,569","42,801","43,230","42,536","1.52M","-0.85%"
"03/24/2021","42,933","42,801","43,263","42,338","1.58M","-0.84%"
"03/23/2021","43,297","43,297","43,627","42,966","1.87M","-0.68%"
"03/22/2021","43,594","43,891","43,958","43,462","1.13M","-0.83%"
"03/19/2021","43,958","43,958","44,123","43,627","1.13M","-0.45%"
"03/18/2021","44,156","44,123","44,222","41,314","2.74M","0.60%"
"03/17/2021","43,891","44,123","44,123","43,891","1.56M","-0.30%"
"03/16/2021","44,024","43,858","44,123","43,495","1.82M","0.38%"
"03/15/2021","43,858","43,330","44,255","43,164","2.30M","1.22%"
"03/12/2021","43,330","43,958","43,958","43,131","1.24M","-1.06%"
"03/11/2021","43,792","43,693","43,925","43,462","1.54M","1.53%"
"03/10/2021","43,131","42,636","43,197","41,975","2.17M","1.87%"
"03/09/2021","42,338","42,966","42,966","42,272","4.46M","-2.06%"
"03/08/2021","43,230","43,693","44,057","43,197","2.25M","-1.06%"
"03/05/2021","43,693","43,726","43,759","43,098","2.53M","-0.45%"
"03/04/2021","43,891","45,081","45,180","42,966","2.68M","-2.50%"
"03/03/2021","45,015","45,214","45,280","44,883","2.27M","0.29%"
"03/02/2021","44,883","44,784","45,015","44,453","1.71M","0.74%"
"03/01/2021","44,553","45,280","45,280","44,288","3.60M","-0.15%"
"02/26/2021","44,619","44,123","44,850","43,991","3.49M","-0.52%"
"02/25/2021","44,850","44,619","44,883","43,991","1.98M","1.42%"
"02/24/2021","44,222","45,280","45,445","44,123","3.03M","-1.76%"
"02/23/2021","45,015","45,114","45,875","43,958","5.60M","-0.58%"
"02/22/2021","45,280","45,280","45,577","44,685","2.99M","-0.44%"
"02/19/2021","45,478","45,643","45,941","45,280","2.18M","-1.36%"
"02/18/2021","46,106","45,610","46,238","44,982","4.65M","1.09%"
"02/17/2021","45,610","43,131","45,610","43,131","6.36M","6.56%"
"02/09/2021","42,801","42,305","42,966","41,644","3.98M","0.78%"
"02/08/2021","42,470","42,966","43,065","41,578","5.86M","-1.53%"
"02/05/2021","43,131","42,470","43,396","42,305","4.44M","1.56%"
"02/04/2021","42,470","42,140","43,264","41,479","4.79M","0.78%"
"02/03/2021","42,140","42,305","42,735","41,016","5.40M","-0.39%"
"02/02/2021","42,305","40,653","42,404","39,826","4.20M","3.48%"
"02/01/2021","40,884","42,966","43,264","40,818","7.52M","-6.78%"
"01/29/2021","43,858","40,818","43,858","39,330","8.44M","6.84%"
"01/28/2021","41,049","41,479","43,032","41,049","5.53M","-6.97%"
"01/27/2021","44,123","43,462","44,586","43,330","6.32M","1.14%"
"01/26/2021","43,627","43,925","44,123","42,999","4.07M","0.00%"
"01/25/2021","43,627","42,074","43,759","42,041","6.40M","3.77%"
"01/22/2021","42,041","41,314","42,107","41,247","4.27M","1.76%"
"01/21/2021","41,314","41,148","41,611","40,586","3.10M","1.79%"
"01/20/2021","40,586","39,992","40,586","38,339","5.05M","2.33%"
"01/19/2021","39,661","41,545","41,776","39,000","4.98M","-5.06%"
"01/18/2021","41,776","42,239","42,305","41,710","2.31M","-1.10%"
"01/15/2021","42,239","42,305","42,404","42,074","2.53M","-0.08%"
"01/14/2021","42,272","41,710","42,404","41,644","4.30M","1.35%"
"01/13/2021","41,710","41,710","42,173","41,677","3.30M","0.00%"
"01/12/2021","41,710","41,710","41,776","41,280","4.06M","0.00%"
"01/11/2021","41,710","40,322","41,776","40,322","4.51M","3.61%"
"01/08/2021","40,256","39,925","40,619","39,925","3.83M","0.83%"
"01/07/2021","39,925","39,826","40,058","39,562","3.35M","-0.41%"
"01/06/2021","40,091","40,653","40,653","39,892","2.99M","-0.49%"
"01/05/2021","40,289","39,661","40,520","39,529","2.90M","1.08%"
"01/04/2021","39,859","39,496","39,859","39,430","3.44M","1.43%"
"12/31/2020","39,297","38,769","39,496","38,769","2.67M","1.36%"
"12/30/2020","38,769","38,736","39,297","38,669","2.58M","0.09%"
"12/29/2020","38,736","38,769","39,000","38,703","2.11M","-0.09%"
"12/28/2020","38,769","39,198","39,529","38,669","2.80M","-1.01%"
"12/25/2020","39,165","38,339","39,330","38,273","3.03M","1.54%"
"12/24/2020","38,570","39,033","39,496","38,008","3.40M","-1.19%"
"12/23/2020","39,033","39,694","40,091","39,033","2.99M","-1.50%"
"12/22/2020","39,628","38,405","39,661","38,141","6.71M","3.18%"
"12/21/2020","38,405","38,008","38,603","37,909","3.47M","1.04%"
"12/18/2020","38,008","37,513","38,008","37,347","3.26M","1.32%"
"12/17/2020","37,513","38,174","38,207","37,513","4.49M","-1.73%"
"12/16/2020","38,174","38,339","38,339","38,075","2.73M","0.17%"
"12/15/2020","38,108","38,075","38,769","38,008","4.37M","-0.35%"
"12/14/2020","38,240","38,108","38,306","37,909","2.97M","1.23%"
"12/11/2020","37,777","37,612","37,876","37,347","2.44M","0.44%"
"12/10/2020","37,612","38,008","38,174","37,612","3.37M","-1.04%"
"12/09/2020","38,008","37,744","38,042","37,645","2.95M","0.44%"
"12/08/2020","37,843","37,711","38,207","37,612","2.88M","0.18%"
"12/07/2020","37,777","37,480","38,141","37,480","2.01M","0.35%"
"12/04/2020","37,645","37,810","37,942","37,513","2.30M","-0.70%"
"12/03/2020","37,909","37,645","37,909","37,281","3.67M","0.61%"
"12/02/2020","37,678","38,042","38,042","37,447","5.12M","-1.72%"
"12/01/2020","38,339","37,414","38,339","37,414","4.08M","0.00%"
"11/30/2020","38,339","38,835","38,835","38,240","4.28M","0.43%"
"11/27/2020","38,174","37,347","38,273","37,281","5.04M","2.39%"
"11/26/2020","37,281","37,017","37,414","37,017","2.48M","0.71%"
"11/25/2020","37,017","37,546","37,546","36,753","2.47M","0.00%"
"11/24/2020","37,017","37,645","37,645","36,686","3.91M","-1.06%"
"11/23/2020","37,414","36,620","37,678","36,554","4.52M","2.17%"
"11/20/2020","36,620","37,050","37,116","36,620","1.80M","-1.07%"
"11/19/2020","37,017","36,852","37,017","36,224","4.30M","1.27%"
"11/18/2020","36,554","36,918","37,149","36,488","2.33M","-1.25%"
"11/17/2020","37,017","36,257","37,017","36,158","2.90M","2.10%"
"11/16/2020","36,257","36,951","37,414","35,959","5.08M","-1.26%"
"11/13/2020","36,719","36,686","37,083","36,521","2.03M","0.00%"
"11/12/2020","36,719","36,025","36,719","35,761","5.05M","2.87%"
"11/11/2020","35,695","35,100","35,992","35,067","4.54M","1.89%"
"11/10/2020","35,034","35,629","35,629","34,935","2.71M","0.28%"
"11/09/2020","34,935","35,034","35,199","34,803","2.66M","0.67%"
"11/06/2020","34,703","35,364","35,364","33,712","2.42M","-1.69%"
"11/05/2020","35,298","35,298","35,860","35,265","2.01M","0.00%"
"11/04/2020","35,298","35,430","35,464","35,034","1.59M","-0.37%"
"11/03/2020","35,430","35,695","35,695","35,100","1.46M","0.75%"
"11/02/2020","35,166","34,604","35,364","34,604","1.32M","1.62%"
"10/30/2020","34,604","34,108","35,001","33,646","4.28M","2.35%"
"10/29/2020","33,811","33,910","34,637","33,646","4.69M","-2.57%"
"10/28/2020","34,703","36,058","36,290","34,703","4.36M","-4.55%"
"10/27/2020","36,356","36,356","36,918","36,323","1.82M","0.00%"
"10/26/2020","36,356","36,356","37,182","36,191","3.16M","0.00%"
"10/23/2020","36,356","36,025","36,521","35,662","3.65M","1.38%"
"10/22/2020","35,860","34,769","35,860","34,769","1.82M","2.55%"
"10/21/2020","34,968","35,364","35,860","34,869","2.30M","-0.94%"
"10/20/2020","35,298","35,034","35,298","34,604","2.93M","0.00%"
"10/19/2020","35,298","35,497","35,497","35,034","1.44M","-0.09%"
"10/16/2020","35,331","35,690","35,690","35,038","1.64M","-0.91%"
"10/15/2020","35,657","35,527","35,690","34,875","2.64M","0.37%"
"10/14/2020","35,527","34,582","35,527","34,093","3.24M","2.64%"
"10/13/2020","34,614","35,038","35,038","34,484","2.45M","-1.21%"
"10/12/2020","35,038","35,527","35,625","34,712","2.82M","-1.38%"
"10/09/2020","35,527","35,853","36,016","35,364","1.73M","-0.46%"
"10/08/2020","35,690","35,201","35,690","35,103","2.61M","1.77%"
"10/07/2020","35,071","34,288","35,168","33,897","2.88M","2.28%"
"10/06/2020","34,288","34,223","34,516","34,060","3.23M","1.15%"
"10/05/2020","33,897","33,897","34,321","33,734","1.77M","0.00%"
"10/02/2020","33,897","34,223","34,354","32,528","3.98M","-0.95%"
"10/01/2020","34,223","33,995","34,256","33,995","2.34M","0.67%"
"09/30/2020","33,995","34,060","34,223","33,441","3.27M","0.77%"
"09/29/2020","33,734","34,158","34,647","33,734","3.69M","0.49%"
"09/28/2020","33,571","33,115","33,571","32,756","1.90M","2.49%"
"09/25/2020","32,756","32,952","32,985","32,463","3.12M","-0.69%"
"09/24/2020","32,985","32,887","33,180","32,593","3.69M","-0.69%"
"09/23/2020","33,213","32,561","33,571","32,528","3.16M","2.31%"
"09/22/2020","32,463","32,072","32,528","31,648","4.51M","1.22%"
"09/21/2020","32,072","31,127","32,170","30,866","6.46M","4.13%"
"09/18/2020","30,801","30,703","30,899","30,638","1.85M","0.32%"
"09/17/2020","30,703","30,833","30,931","30,377","1.78M","-0.42%"
"09/16/2020","30,833","30,279","31,127","30,116","3.30M","1.83%"
"09/15/2020","30,279","30,312","30,475","30,149","2.36M","-0.11%"
"09/14/2020","30,312","30,573","30,605","30,214","1.64M","-0.43%"
"09/11/2020","30,442","30,605","30,605","30,247","1.31M","-0.53%"
"09/10/2020","30,605","30,638","30,736","30,442","2.23M","0.54%"
"09/09/2020","30,442","29,986","30,573","29,823","1.90M","0.32%"
"09/08/2020","30,345","29,660","30,377","29,497","3.00M","3.10%"
"09/07/2020","29,432","30,638","30,703","29,432","4.47M","-4.04%"
"09/04/2020","30,670","30,345","30,703","30,279","3.05M","-0.74%"
"09/03/2020","30,899","30,573","31,127","30,312","3.18M","1.07%"
"09/01/2020","30,573","30,442","30,964","30,345","2.99M","0.43%"
"08/31/2020","30,442","30,247","30,736","29,986","2.86M","0.65%"
"08/28/2020","30,247","29,367","30,638","29,334","5.98M","4.39%"
"08/27/2020","28,976","28,454","28,976","28,454","2.87M","1.83%"
"08/26/2020","28,454","28,454","28,943","28,356","2.65M","-0.34%"
"08/25/2020","28,552","27,541","28,747","27,541","6.74M","4.16%"
"08/24/2020","27,411","27,118","27,639","27,020","3.19M","2.56%"
"08/21/2020","26,727","26,661","26,890","26,564","2.07M","0.37%"
"08/20/2020","26,629","26,661","26,759","26,336","3.06M","-0.12%"
"08/19/2020","26,661","26,499","26,727","26,499","1.15M","0.49%"
"08/18/2020","26,531","26,727","26,759","26,336","1.66M","-0.97%"
"08/17/2020","26,792","27,085","27,085","26,368","2.47M","-1.08%"
"08/14/2020","27,085","26,857","27,313","26,759","2.98M","1.09%"
"08/13/2020","26,792","26,107","26,824","26,075","2.75M","3.01%"
"08/12/2020","26,010","25,944","26,042","25,749","1.36M","0.38%"
"08/11/2020","25,912","26,010","26,010","25,684","1.18M","0.63%"
"08/10/2020","25,749","25,749","26,173","25,749","1.89M","0.51%"
"08/07/2020","25,618","25,781","25,879","25,423","1.82M","-0.88%"
"08/06/2020","25,847","25,912","26,010","25,521","1.66M","0.13%"
"08/05/2020","25,814","25,097","25,879","24,934","2.20M","2.86%"
"08/04/2020","25,097","25,064","25,521","24,934","2.52M","1.32%"
"08/03/2020","24,771","24,184","24,901","23,956","1.97M","2.01%"
"07/31/2020","24,282","23,630","24,347","23,630","2.40M","0.27%"
"07/30/2020","24,217","23,826","24,217","23,728","1.81M","1.78%"
"07/29/2020","23,793","24,119","24,250","23,239","4.31M","-3.95%"
"07/28/2020","24,771","24,543","24,836","24,021","3.84M","3.12%"
"07/27/2020","24,021","24,119","24,804","24,021","8.94M","-6.94%"
"07/24/2020","25,814","26,955","27,020","25,162","5.39M","-4.58%"
"07/23/2020","27,053","27,118","27,216","26,955","1.26M","-0.24%"
"07/22/2020","27,118","27,346","27,379","26,955","1.09M","-0.60%"
"07/21/2020","27,281","27,150","27,313","27,053","1.24M","0.48%"
"07/20/2020","27,150","27,346","27,379","27,118","760.92K","-0.83%"
"07/17/2020","27,379","27,607","27,639","27,379","1.14M","-0.94%"
"07/16/2020","27,639","27,541","27,639","27,379","1.49M","0.24%"
"07/15/2020","27,574","27,183","27,672","27,085","3.15M","2.05%"
"07/14/2020","27,020","26,987","27,020","26,792","1.10M","0.12%"
"07/13/2020","26,987","27,118","27,281","26,857","1.21M","-0.12%"
"07/10/2020","27,020","27,346","27,379","26,987","1.69M","-1.31%"
"07/09/2020","27,379","27,248","27,476","27,216","1.56M","0.48%"
"07/08/2020","27,248","27,281","27,379","27,020","855.45K","-0.12%"
"07/07/2020","27,281","27,346","27,607","27,281","1.86M","0.24%"
"07/06/2020","27,216","26,694","27,313","26,661","1.86M","2.20%"
"07/03/2020","26,629","26,661","26,694","26,531","1.07M","-0.12%"
"07/02/2020","26,661","26,596","26,824","26,401","983.16K","-0.24%"
"07/01/2020","26,727","26,336","26,727","26,336","934.47K","1.49%"
"06/30/2020","26,336","26,824","26,890","26,075","2.23M","-0.86%"
"06/29/2020","26,564","27,085","27,216","26,368","3.29M","-3.21%"
"06/26/2020","27,444","27,379","27,607","27,183","1.35M","0.72%"
"06/25/2020","27,248","27,379","27,541","27,216","2.35M","-1.65%"
"06/24/2020","27,704","27,867","28,128","27,379","2.15M","-0.35%"
"06/23/2020","27,802","27,998","28,161","27,802","2.40M","-0.70%"
"06/22/2020","27,998","27,770","28,291","27,574","2.82M","1.66%"
"06/19/2020","27,541","27,379","27,867","27,281","2.58M","0.84%"
"06/18/2020","27,313","27,053","27,313","27,020","1.08M","0.00%"
"06/17/2020","27,313","27,672","27,672","27,053","2.31M","-0.71%"
"06/16/2020","27,509","27,379","27,574","27,118","2.11M","2.30%"
"06/15/2020","26,890","27,965","27,965","26,694","3.40M","-4.07%"
"06/12/2020","28,030","26,792","28,030","26,401","7.55M","3.37%"
"06/11/2020","27,118","29,171","29,171","27,118","8.33M","-6.94%"
"06/10/2020","29,139","28,845","29,334","28,389","3.03M","0.79%"
"06/09/2020","28,910","29,595","29,595","28,878","3.35M","-1.55%"
"06/08/2020","29,367","28,519","29,758","28,291","11.07M","4.65%"
"06/05/2020","28,063","27,867","28,096","27,737","2.23M","0.70%"
"06/04/2020","27,867","27,900","28,356","27,802","3.04M","0.12%"
"06/03/2020","27,835","27,867","27,965","27,770","2.59M","0.12%"
"06/02/2020","27,802","28,063","28,291","27,802","3.33M","-0.81%"
"06/01/2020","28,030","27,574","28,063","27,574","2.46M","1.65%"
"05/29/2020","27,574","27,574","27,704","27,411","2.55M","-0.12%"
"05/28/2020","27,607","27,704","27,933","27,541","2.85M","-0.12%"
"05/27/2020","27,639","28,324","28,487","27,639","3.96M","-1.97%"
"05/26/2020","28,193","28,096","28,291","27,900","3.53M","0.46%"
"05/25/2020","28,063","27,704","28,356","27,444","3.41M","1.29%"
"05/22/2020","27,704","28,356","28,389","27,704","4.43M","-2.30%"
"05/21/2020","28,356","28,226","28,780","28,096","4.62M","0.58%"
"05/20/2020","28,193","28,063","28,259","27,933","3.30M","-0.80%"
"05/19/2020","28,421","28,519","28,584","28,193","5.02M","1.99%"
"05/18/2020","27,867","26,727","27,900","26,727","6.55M","4.14%"
"05/15/2020","26,759","27,118","27,313","26,727","3.32M","-1.09%"
"05/14/2020","27,053","26,727","27,313","26,727","3.12M","-1.07%"
"05/13/2020","27,346","26,727","27,411","26,433","5.02M","0.72%"
"05/12/2020","27,150","27,639","27,639","26,890","5.81M","-2.00%"
"05/11/2020","27,704","27,378","27,900","27,313","3.77M","1.43%"
"05/08/2020","27,313","27,053","27,998","27,053","7.09M","1.45%"
"05/07/2020","26,922","26,661","26,922","26,564","3.62M","1.72%"
"05/06/2020","26,466","26,075","26,466","25,749","2.54M","2.39%"
"05/05/2020","25,847","26,010","26,270","25,684","1.57M","-0.12%"
"05/04/2020","25,879","26,564","26,564","25,879","2.75M","-2.82%"
"04/29/2020","26,629","26,368","26,824","25,749","3.53M","0.99%"
"04/28/2020","26,368","26,564","26,694","26,205","2.70M","-1.58%"
"04/27/2020","26,792","27,346","27,346","26,466","3.36M","-0.96%"
"04/24/2020","27,053","27,216","27,216","26,466","3.08M","-0.60%"
"04/23/2020","27,216","27,704","27,704","26,727","4.04M","1.83%"
"04/22/2020","26,727","25,130","27,053","25,130","5.39M","3.28%"
"04/21/2020","25,879","26,759","27,183","25,618","7.75M","-5.81%"
"04/20/2020","27,476","27,378","27,737","26,824","6.55M","2.80%"
"04/17/2020","26,727","25,390","26,727","25,260","7.42M","6.64%"
"04/16/2020","25,064","24,771","25,097","24,575","4.38M","0.13%"
"04/15/2020","25,032","24,771","25,488","24,641","4.67M","2.67%"
"04/14/2020","24,380","24,510","24,706","23,924","3.11M","-0.27%"
"04/13/2020","24,445","23,467","24,999","23,467","6.62M","4.60%"
"04/10/2020","23,369","23,337","23,761","23,011","3.71M","-1.78%"
"04/09/2020","23,793","24,445","24,543","23,793","4.83M","-1.35%"
"04/08/2020","24,119","23,728","24,315","23,304","6.13M","-0.81%"
"04/07/2020","24,315","24,347","24,347","23,109","17.46M","6.72%"
"04/06/2020","22,783","22,783","22,783","22,783","1.46M","6.88%"
"04/03/2020","21,316","20,501","21,316","20,306","4.96M","6.86%"
"04/01/2020","19,947","19,132","20,273","19,035","4.81M","3.90%"
"03/31/2020","19,198","19,882","20,436","18,350","5.60M","-1.01%"
"03/30/2020","19,393","19,198","21,186","19,198","5.58M","-6.01%"
"03/27/2020","20,632","21,284","21,512","20,632","7.50M","-6.91%"
"03/26/2020","22,164","23,565","23,565","22,164","6.37M","-6.85%"
"03/25/2020","23,793","22,815","23,793","22,489","4.25M","6.11%"
"03/24/2020","22,424","23,402","23,402","21,772","4.70M","-4.18%"
"03/23/2020","23,402","23,858","24,445","23,402","4.08M","-6.99%"
"03/20/2020","25,162","24,706","25,162","24,412","3.29M","2.11%"
"03/19/2020","24,641","25,097","25,325","24,315","3.40M","-4.06%"
"03/18/2020","25,684","25,358","26,238","25,097","4.22M","1.94%"
"03/17/2020","25,195","23,630","25,423","23,337","3.76M","1.71%"
"03/16/2020","24,771","25,097","25,814","24,119","4.58M","-3.80%"
"03/13/2020","25,749","24,673","28,030","24,673","10.83M","-2.83%"
"03/12/2020","26,498","26,498","26,498","26,498","1.58M","-6.98%"
"03/11/2020","28,487","30,638","30,801","28,487","4.75M","-6.92%"
"03/10/2020","30,605","29,627","30,964","29,399","4.29M","-2.09%"
"03/09/2020","31,257","31,257","32,105","31,257","3.15M","-6.98%"
"03/06/2020","33,604","34,028","34,158","33,050","2.48M","-2.27%"
"03/05/2020","34,386","34,549","34,745","34,060","2.02M","-0.47%"
"03/04/2020","34,549","34,516","34,549","34,093","2.04M","-0.37%"
"03/03/2020","34,679","35,136","35,136","34,647","2.04M","-0.10%"
"03/02/2020","34,712","34,712","34,940","34,516","1.42M","0.00%"
"02/28/2020","34,712","34,549","34,940","34,060","3.89M","-1.75%"
"02/27/2020","35,331","34,614","35,331","34,614","6.43M","2.07%"
"02/26/2020","34,614","34,549","35,168","34,386","3.25M","-0.75%"
"02/25/2020","34,875","34,288","34,875","34,288","2.08M","0.75%"
"02/24/2020","34,614","35,201","35,494","34,451","4.67M","-3.98%"
"02/21/2020","36,048","36,048","36,505","35,788","2.71M","0.00%"
"02/20/2020","36,048","36,179","36,309","35,918","1.36M","0.09%"
"02/19/2020","36,016","35,657","36,016","35,494","2.02M","1.47%"
"02/18/2020","35,494","35,038","35,559","34,875","1.71M","1.30%"
"02/17/2020","35,038","34,940","35,038","34,614","1.15M","0.37%"
"02/14/2020","34,908","34,875","35,103","34,516","1.25M","-0.83%"
"02/13/2020","35,201","35,168","35,527","35,168","1.24M","-0.92%"
"02/12/2020","35,527","34,777","35,657","34,777","1.71M","2.35%"
"02/11/2020","34,712","34,549","34,810","34,549","1.19M","0.66%"
"02/10/2020","34,484","34,712","35,038","34,484","2.11M","-2.67%"
"02/07/2020","35,429","35,625","35,625","35,136","1.89M","-0.73%"
"02/06/2020","35,690","35,201","35,951","35,201","2.36M","1.39%"
"02/05/2020","35,201","35,201","35,755","35,201","2.42M","0.09%"
"02/04/2020","35,168","35,527","36,016","34,679","2.72M","-0.83%"
"02/03/2020","35,462","35,266","35,820","33,897","5.85M","-1.81%"
"01/31/2020","36,114","36,831","37,352","36,016","4.30M","-2.81%"
"01/30/2020","37,157","37,808","38,167","36,831","3.95M","-4.36%"
"01/22/2020","38,851","38,982","39,145","38,623","1.38M","-0.67%"
"01/21/2020","39,112","38,656","39,275","38,591","2.08M","1.18%"
"01/20/2020","38,656","37,645","38,656","37,645","4.39M","2.15%"
"01/17/2020","37,841","37,613","37,874","37,613","1.31M","0.61%"
"01/16/2020","37,613","37,157","37,808","37,124","1.56M","1.23%"
"01/15/2020","37,157","37,124","37,222","37,059","879.48K","0.09%"
"01/14/2020","37,124","37,417","37,417","37,091","962.43K","-0.52%"
"01/13/2020","37,319","37,319","37,580","37,189","864.72K","-0.52%"
"01/10/2020","37,515","37,352","37,678","37,254","1.24M","0.53%"
"01/09/2020","37,319","37,124","37,482","36,961","954.21K","1.51%"
"01/08/2020","36,765","37,157","37,482","36,765","2.23M","-2.42%"
"01/07/2020","37,678","37,385","37,678","36,928","1.94M","0.78%"
"01/06/2020","37,385","37,417","37,613","37,157","1.17M","-0.52%"
"01/03/2020","37,580","38,134","38,362","37,548","2.37M","-1.45%"
"01/02/2020","38,134","37,157","38,134","37,059","2.15M","2.63%"
"12/31/2019","37,157","37,157","37,450","37,157","1.81M","0.00%"
"12/30/2019","37,157","36,994","37,319","36,896","1.85M","0.44%"
"12/27/2019","36,994","36,831","36,994","36,668","1.46M","0.18%"
"12/26/2019","36,928","37,124","37,124","36,537","1.85M","-0.53%"
"12/25/2019","37,124","36,374","37,124","36,276","1.64M","2.34%"
"12/24/2019","36,276","36,244","36,439","36,048","1.12M","0.27%"
"12/23/2019","36,179","36,407","36,570","36,179","1.28M","0.27%"
"12/20/2019","36,081","36,114","36,439","35,918","1.07M","0.64%"
"12/19/2019","35,853","35,788","36,114","35,364","1.14M","0.00%"
"12/18/2019","35,853","36,863","37,026","35,755","3.44M","-2.91%"
"12/17/2019","36,928","37,091","37,319","36,863","1.34M","0.09%"
"12/16/2019","36,896","36,505","36,896","36,342","1.33M","0.18%"
"12/13/2019","36,831","36,994","37,385","36,602","1.40M","-0.35%"
"12/12/2019","36,961","36,831","36,994","36,733","1.10M","0.35%"
"12/11/2019","36,831","36,016","36,831","35,951","944.13K","1.80%"
"12/10/2019","36,179","36,146","36,309","35,853","1.24M","0.09%"
"12/09/2019","36,146","36,114","36,374","35,853","1.58M","0.09%"
"12/06/2019","36,114","36,048","36,179","35,853","1.41M","0.18%"
"12/05/2019","36,048","36,896","36,994","36,048","1.63M","-2.13%"
"12/04/2019","36,831","35,527","36,831","35,396","1.72M","3.48%"
"12/03/2019","35,592","35,201","35,657","34,810","1.78M","0.74%"
"12/02/2019","35,331","35,657","35,788","35,331","1.93M","-0.55%"
"11/29/2019","35,527","35,527","35,527","34,745","2.74M","0.00%"
"11/28/2019","35,527","36,244","36,570","35,494","3.84M","-3.71%"
"11/27/2019","36,896","37,059","37,222","36,798","765.45K","-0.26%"
"11/26/2019","36,994","36,961","37,157","36,733","1.76M","1.34%"
"11/25/2019","36,505","36,733","36,765","35,233","1.86M","0.00%"
"11/22/2019","36,505","37,482","37,482","36,114","2.62M","-1.32%"
"11/21/2019","36,994","38,134","38,134","36,994","3.64M","-3.07%"
"11/20/2019","38,167","38,786","38,786","38,037","1.06M","-1.60%"
"11/19/2019","38,786","38,460","38,786","38,362","891.63K","1.02%"
"11/18/2019","38,395","38,656","38,949","38,297","1.03M","-0.59%"
"11/15/2019","38,623","38,134","38,623","38,069","1.43M","1.46%"
"11/14/2019","38,069","39,080","39,340","37,808","4.69M","-2.59%"
"11/13/2019","39,080","39,862","39,992","38,786","4.46M","-1.96%"
"11/12/2019","39,862","39,731","40,025","39,568","1.61M","0.33%"
"11/11/2019","39,731","40,677","40,677","39,731","3.22M","-2.17%"
"11/08/2019","40,611","40,872","40,872","40,220","2.38M","-0.56%"
"11/07/2019","40,840","40,840","41,035","40,644","1.36M","0.56%"
"11/06/2019","40,611","40,937","40,970","40,481","2.03M","-0.80%"
"11/05/2019","40,937","41,263","41,328","40,905","2.08M","-0.40%"
"11/04/2019","41,100","40,872","41,263","40,285","4.26M","0.72%"
"11/01/2019","40,807","40,611","41,003","40,025","2.41M","0.48%"
"10/31/2019","40,611","40,709","41,068","40,611","1.64M","-0.24%"
"10/30/2019","40,709","41,166","41,296","40,611","3.82M","-1.65%"
"10/29/2019","41,394","41,589","41,850","41,394","1.36M","-0.47%"
"10/28/2019","41,589","41,720","42,078","41,524","2.37M","-0.24%"
"10/25/2019","41,687","41,654","41,720","41,328","1.86M","0.31%"
"10/24/2019","41,557","40,155","41,557","40,155","4.65M","3.49%"
"10/23/2019","40,155","39,927","40,546","39,797","803.73K","0.08%"
"10/22/2019","40,123","40,090","40,123","39,699","849.33K","0.16%"
"10/21/2019","40,057","40,253","40,383","39,764","1.26M","0.00%"
"10/18/2019","40,057","40,188","40,285","39,862","1.02M","0.00%"
"10/17/2019","40,057","40,742","40,742","39,992","2.26M","-1.76%"
"10/16/2019","40,774","41,068","41,231","40,742","996.45K","-0.32%"
"10/15/2019","40,905","40,644","41,035","40,579","990.39K","0.64%"
"10/14/2019","40,644","40,253","40,905","40,090","1.67M","1.05%"
"10/11/2019","40,220","40,318","40,351","39,992","679.17K","-0.16%"
"10/10/2019","40,285","40,285","40,514","39,992","927.27K","0.00%"
"10/09/2019","40,285","40,220","40,383","39,960","775.14K","0.49%"
"10/08/2019","40,090","39,438","40,090","39,308","1.85M","1.65%"
"10/07/2019","39,438","40,090","40,318","39,438","2.61M","-1.63%"
"10/04/2019","40,090","41,003","41,003","40,090","1.84M","-1.68%"
"10/03/2019","40,774","40,448","40,807","40,416","2.72M","-0.08%"
"10/02/2019","40,807","41,557","41,622","40,807","2.09M","-1.80%"
"10/01/2019","41,557","41,100","41,654","41,100","1.74M","1.11%"
"09/30/2019","41,100","42,046","42,208","41,068","2.04M","-1.49%"
"09/27/2019","41,720","41,231","41,980","41,068","3.85M","1.59%"
"09/26/2019","41,068","41,035","41,231","40,579","1.36M","0.40%"
"09/25/2019","40,905","39,797","40,905","39,601","1.92M","2.87%"
"09/24/2019","39,764","39,992","40,611","39,764","2.39M","-1.61%"
"09/23/2019","40,416","41,068","41,394","40,253","2.12M","-1.98%"
"09/20/2019","41,231","41,035","41,654","40,416","1.88M","1.04%"
"09/19/2019","40,807","39,927","40,807","39,666","1.61M","2.62%"
"09/18/2019","39,764","40,123","40,579","39,634","2.51M","-1.13%"
"09/17/2019","40,220","40,220","40,253","39,764","1.30M","-0.08%"
"09/16/2019","40,253","39,992","40,677","39,960","3.32M","0.90%"
"09/13/2019","39,894","38,297","39,894","38,297","7.81M","4.79%"
"09/12/2019","38,069","37,776","38,199","37,417","2.55M","1.48%"
"09/11/2019","37,515","37,417","37,515","36,733","2.10M","0.17%"
"09/10/2019","37,450","38,134","38,134","37,319","1.58M","-1.03%"
"09/09/2019","37,841","37,971","38,297","37,841","804.81K","-0.77%"
"09/06/2019","38,134","37,874","38,265","37,548","1.34M","0.69%"
"09/05/2019","37,874","38,460","38,460","37,482","2.62M","-1.44%"
"09/04/2019","38,428","38,330","38,591","38,199","1.44M","0.26%"
"09/03/2019","38,330","38,232","38,558","38,134","2.02M","0.60%"
"08/30/2019","38,102","37,482","38,199","37,482","1.94M","1.65%"
"08/29/2019","37,482","37,091","37,482","36,863","1.02M","1.05%"
"08/28/2019","37,091","37,157","37,157","36,602","1.79M","-0.18%"
"08/27/2019","37,157","38,232","38,297","36,342","5.68M","-2.06%"
"08/26/2019","37,939","37,548","38,428","37,548","3.11M","-0.08%"
"08/23/2019","37,971","38,297","38,460","37,482","3.10M","-0.85%"
"08/22/2019","38,297","39,275","39,275","38,297","3.11M","-2.33%"
"08/21/2019","39,210","39,112","39,731","38,884","2.45M","0.25%"
"08/20/2019","39,112","38,525","39,112","38,460","1.62M","1.78%"
"08/19/2019","38,428","38,395","38,721","37,580","3.44M","0.51%"
"08/16/2019","38,232","39,373","39,894","38,232","4.41M","-2.25%"
"08/15/2019","39,112","38,395","39,112","38,069","2.78M","0.92%"
"08/14/2019","38,754","38,656","38,949","38,525","2.18M","0.94%"
"08/13/2019","38,395","37,971","38,591","37,482","2.74M","0.68%"
"08/12/2019","38,134","37,776","38,460","37,352","2.14M","0.95%"
"08/09/2019","37,776","36,961","37,776","36,798","2.02M","2.57%"
"08/08/2019","36,831","37,319","37,482","36,733","2.59M","-0.88%"
"08/07/2019","37,157","35,853","37,222","35,853","3.84M","3.64%"
"08/06/2019","35,853","34,842","36,114","34,842","2.97M","0.46%"
"08/05/2019","35,690","35,201","36,309","35,103","3.93M","1.39%"
"08/02/2019","35,201","35,038","35,364","34,875","2.40M","-0.46%"
"08/01/2019","35,364","34,647","35,364","34,419","2.63M","1.59%"
"07/31/2019","34,810","33,636","34,875","33,636","2.05M","2.99%"
"07/30/2019","33,799","34,386","34,875","33,799","3.04M","-2.17%"
"07/29/2019","34,549","34,940","34,940","33,865","5.76M","-0.66%"
"07/26/2019","34,777","35,201","35,364","34,484","3.52M","-1.11%"
"07/25/2019","35,168","35,005","35,364","34,712","2.75M","0.47%"
"07/24/2019","35,005","35,527","35,755","35,005","2.33M","-1.38%"
"07/23/2019","35,494","34,712","35,494","34,647","2.69M","2.25%"
"07/22/2019","34,712","34,549","35,038","34,288","2.58M","0.57%"
"07/19/2019","34,516","34,060","34,549","33,897","3.29M","1.92%"
"07/18/2019","33,865","33,082","33,865","32,887","3.33M","2.26%"
"07/17/2019","33,115","33,310","33,441","33,082","1.80M","-0.59%"
"07/16/2019","33,310","32,985","33,473","32,919","2.15M","0.99%"
"07/15/2019","32,985","32,202","33,245","31,974","4.67M","3.16%"
"07/12/2019","31,974","31,942","32,333","31,648","2.12M","0.10%"
"07/11/2019","31,942","32,105","32,365","31,942","2.11M","-0.41%"
"07/10/2019","32,072","31,713","32,430","31,713","3.14M","1.44%"
"07/09/2019","31,616","30,833","31,616","30,605","2.89M","2.86%"
"07/08/2019","30,736","30,964","31,062","30,670","2.15M","-1.15%"
"07/05/2019","31,094","31,029","31,192","30,931","1.86M","-0.11%"
"07/04/2019","31,127","31,290","31,485","31,094","1.95M","-0.10%"
"07/03/2019","31,159","30,996","31,290","30,964","2.57M","0.10%"
"07/02/2019","31,127","30,931","31,225","30,768","3.39M","0.85%"
"07/01/2019","30,866","30,475","30,899","30,410","2.81M","2.05%"
"06/28/2019","30,247","29,725","30,247","29,595","2.14M","1.98%"
"06/27/2019","29,660","30,019","30,247","29,595","2.28M","-1.94%"
"06/26/2019","30,247","29,921","30,410","29,725","2.28M","1.09%"
"06/25/2019","29,921","29,790","29,921","29,530","1.47M","0.44%"
"06/24/2019","29,790","29,953","30,149","29,562","2.32M","0.44%"
"06/21/2019","29,660","29,595","29,953","29,595","1.55M","0.33%"
"06/20/2019","29,562","29,008","29,856","28,943","3.44M","2.37%"
"06/19/2019","28,878","29,008","29,171","28,813","1.14M","0.34%"
"06/18/2019","28,780","28,650","28,813","28,584","1.23M","0.57%"
"06/17/2019","28,617","29,008","29,073","28,519","2.30M","-1.46%"
"06/14/2019","29,041","29,269","29,269","28,976","1.94M","-0.34%"
"06/13/2019","29,139","29,595","29,595","29,073","2.29M","-1.43%"
"06/12/2019","29,562","29,334","29,660","29,171","2.85M","1.23%"
"06/11/2019","29,204","29,008","29,497","28,976","3.15M","1.13%"
"06/10/2019","28,878","28,813","29,171","28,780","2.18M","0.34%"
"06/07/2019","28,780","28,259","28,780","28,259","1.97M","2.08%"
"06/06/2019","28,193","28,356","28,356","28,030","1.15M","-0.12%"
"06/05/2019","28,226","28,226","28,454","28,193","872.07K","0.70%"
"06/04/2019","28,030","27,835","28,030","27,574","672.24K","1.18%"
"06/03/2019","27,704","28,030","28,030","27,411","1.65M","-1.28%"
"05/31/2019","28,063","28,552","28,584","28,030","1.88M","-1.71%"
"05/30/2019","28,552","28,519","28,682","28,389","1.18M","0.12%"
"05/29/2019","28,519","28,747","28,845","28,487","2.73M","-0.79%"
"05/28/2019","28,747","28,519","28,813","28,519","1.54M","0.57%"
"05/27/2019","28,584","28,845","28,943","28,454","1.62M","-1.13%"
"05/24/2019","28,910","28,421","29,106","28,324","3.52M","1.25%"
"05/23/2019","28,552","28,682","28,682","28,356","1.73M","0.69%"
"05/22/2019","28,356","28,356","28,677","28,260","2.02M","0.34%"
"05/21/2019","28,260","28,324","28,549","28,164","2.83M","-0.11%"
"05/20/2019","28,292","27,780","28,388","27,780","2.70M","2.08%"
"05/17/2019","27,715","27,555","27,876","27,555","895.59K","0.58%"
"05/16/2019","27,555","27,876","28,004","27,555","1.02M","-1.15%"
"05/15/2019","27,876","27,523","27,972","27,491","2.32M","1.76%"
"05/14/2019","27,395","27,235","27,459","27,107","1.53M","0.35%"
"05/13/2019","27,299","27,203","27,363","26,914","798.42K","0.23%"
"05/10/2019","27,235","26,946","27,267","26,914","1.03M","1.07%"
"05/09/2019","26,946","26,722","27,075","26,690","1.14M","0.72%"
"05/08/2019","26,754","26,594","26,882","26,434","1.02M","-0.48%"
"05/07/2019","26,882","26,946","27,075","26,754","877.53K","0.12%"
"05/06/2019","26,850","27,235","27,235","26,754","1.22M","-2.45%"
"05/03/2019","27,523","27,555","27,555","27,267","1.15M","-0.12%"
"05/02/2019","27,555","27,331","27,683","27,331","1.67M","1.29%"
"04/26/2019","27,203","26,754","27,235","26,690","2.19M","1.68%"
"04/25/2019","26,754","26,690","26,914","26,594","819.03K","0.60%"
"04/24/2019","26,594","26,530","26,722","26,498","955.08K","0.24%"
"04/23/2019","26,530","26,594","26,658","26,402","615.90K","-0.24%"
"04/22/2019","26,594","26,466","26,722","26,434","1.08M","0.97%"
"04/19/2019","26,338","26,113","26,370","26,081","728.25K","0.99%"
"04/18/2019","26,081","26,210","26,274","25,825","1.14M","-0.49%"
"04/17/2019","26,210","26,177","26,306","26,081","1.03M","0.13%"
"04/16/2019","26,177","26,210","26,338","26,081","1.36M","-0.97%"
"04/12/2019","26,434","26,434","26,530","26,242","1.05M","0.00%"
"04/11/2019","26,434","26,434","26,626","26,338","667.74K","-0.36%"
"04/10/2019","26,530","26,722","26,786","26,338","1.21M","-1.07%"
"04/09/2019","26,818","26,914","26,946","26,658","827.91K","-0.36%"
"04/08/2019","26,914","27,075","27,075","26,754","559.74K","-0.12%"
"04/05/2019","26,946","26,466","27,011","26,466","1.06M","0.72%"
"04/04/2019","26,754","26,850","27,011","26,722","952.50K","-0.36%"
"04/03/2019","26,850","27,075","27,075","26,818","706.62K","-0.36%"
"04/02/2019","26,946","27,203","27,267","26,946","862.98K","0.00%"
"04/01/2019","26,946","27,171","27,267","26,914","1.45M","-0.83%"
"03/29/2019","27,171","27,107","27,299","27,075","856.65K","0.47%"
"03/28/2019","27,043","27,075","27,139","26,946","1.06M","0.00%"
"03/27/2019","27,043","27,075","27,203","27,043","623.43K","0.36%"
"03/26/2019","26,946","27,235","27,299","26,882","1.77M","0.36%"
"03/25/2019","26,850","27,715","27,715","26,850","3.49M","-3.90%"
"03/22/2019","27,940","28,164","28,228","27,876","2.02M","-0.80%"
"03/21/2019","28,164","28,356","28,549","28,164","2.12M","-0.68%"
"03/20/2019","28,356","28,356","28,613","28,196","1.29M","-0.68%"
"03/19/2019","28,549","28,613","29,157","28,484","3.48M","-0.11%"
"03/18/2019","28,581","28,388","28,613","28,356","2.17M","0.68%"
"03/15/2019","28,388","28,516","28,613","28,292","1.37M","-0.45%"
"03/14/2019","28,516","28,677","28,677","28,356","1.59M","-0.45%"
"03/13/2019","28,645","28,356","28,837","28,356","3.24M","1.02%"
"03/12/2019","28,356","28,196","28,356","28,132","2.00M","1.26%"
"03/11/2019","28,004","27,972","28,164","27,844","1.07M","0.92%"
"03/08/2019","27,748","27,876","28,004","27,683","2.49M","-1.25%"
"03/07/2019","28,100","28,356","28,356","28,068","1.38M","-0.45%"
"03/06/2019","28,228","28,196","28,292","27,972","1.61M","0.34%"
"03/05/2019","28,132","28,516","28,837","28,132","2.12M","-1.35%"
"03/04/2019","28,516","28,356","28,645","27,972","2.31M","1.71%"
"03/01/2019","28,036","28,068","28,164","27,876","1.29M","0.81%"
"02/28/2019","27,812","28,260","28,420","27,812","3.48M","-1.59%"
"02/27/2019","28,260","28,484","28,645","28,132","1.73M","-0.34%"
"02/26/2019","28,356","28,773","28,773","28,260","2.39M","-1.23%"
"02/25/2019","28,709","28,837","29,221","28,677","3.82M","0.68%"
"02/22/2019","28,516","28,100","28,741","27,908","3.57M","1.25%"
"02/21/2019","28,164","27,908","28,164","27,908","2.35M","0.92%"
"02/20/2019","27,908","27,876","28,068","27,844","1.78M","0.11%"
"02/19/2019","27,876","27,587","28,100","27,587","5.73M","1.05%"
"02/18/2019","27,587","27,715","27,748","27,523","1.37M","0.00%"
"02/15/2019","27,587","27,459","27,651","27,331","2.15M","0.47%"
"02/14/2019","27,459","27,619","27,683","27,395","2.01M","-0.58%"
"02/13/2019","27,619","27,107","27,619","27,107","3.64M","1.89%"
"02/12/2019","27,107","27,107","27,331","27,107","1.03M","0.00%"
"02/11/2019","27,107","26,914","27,107","26,754","1.07M","1.93%"
"02/01/2019","26,594","26,818","26,979","26,562","1.26M","0.00%"
"01/31/2019","26,594","26,914","27,075","26,594","618.09K","-0.72%"
"01/30/2019","26,786","27,075","27,171","26,786","789.33K","-2.22%"
"01/29/2019","27,395","26,786","27,395","26,562","1.39M","2.27%"
"01/28/2019","26,786","26,658","26,979","26,658","810.75K","0.48%"
"01/25/2019","26,658","26,786","26,882","26,658","670.53K","-0.48%"
"01/24/2019","26,786","26,786","26,882","26,690","443.31K","0.00%"
"01/23/2019","26,786","26,850","26,914","26,754","529.71K","-0.24%"
"01/22/2019","26,850","26,850","27,075","26,818","424.77K","0.12%"
"01/21/2019","26,818","27,043","27,107","26,754","1.32M","-0.83%"
"01/18/2019","27,043","27,299","27,395","27,043","585.63K","-1.05%"
"01/17/2019","27,331","27,555","27,555","27,299","1.37M","0.00%"
"01/16/2019","27,331","27,395","27,812","27,331","5.28M","-0.47%"
"01/15/2019","27,459","27,235","27,459","27,011","2.61M","0.82%"
"01/14/2019","27,235","27,235","27,235","26,914","1.36M","0.00%"
"01/11/2019","27,235","27,555","27,555","27,235","1.08M","-1.16%"
"01/10/2019","27,555","27,363","27,555","27,139","855.87K","0.70%"
"01/09/2019","27,363","26,914","27,459","26,914","1.32M","1.67%"
"01/08/2019","26,914","27,235","27,235","26,914","516.54K","-1.18%"
"01/07/2019","27,235","26,914","27,395","26,850","1.19M","1.68%"
"01/04/2019","26,786","26,594","26,818","26,274","1.30M","0.72%"
"01/03/2019","26,594","27,395","27,459","26,594","2.11M","-2.92%"
"01/02/2019","27,395","27,876","27,876","27,395","1.06M","-1.73%"